id,guest_name,guest_id,room_category,assigned_room_id,check_in,check_out,is_live,created_at,stay_group_id,segment_index,discount_pct
BKS1A,Cascade-A1,GBKS1A,STANDARD,S01,2026-04-08,2026-04-12,f,2026-04-08 05:05:54.556416,,0,0
BKS1B,Cascade-A2,GBKS1B,STANDARD,S01,2026-04-13,2026-04-18,f,2026-04-08 05:05:54.556421,,0,0
BKS1C,Cascade-A3,GBKS1C,STANDARD,S01,2026-04-19,2026-04-24,f,2026-04-08 05:05:54.556422,,0,0
BKS1D,Cascade-A4,GBKS1D,STANDARD,S01,2026-04-25,2026-04-30,f,2026-04-08 05:05:54.556423,,0,0
BKS1E,Cascade-A5,GBKS1E,STANDARD,S01,2026-05-01,2026-05-06,f,2026-04-08 05:05:54.556424,,0,0
BKS2A,NoReciever-1,GBKS2A,STANDARD,S02,2026-04-08,2026-04-13,f,2026-04-08 05:05:54.556424,,0,0
BKS2B,NoReciever-2,GBKS2B,STANDARD,S02,2026-04-14,2026-04-20,f,2026-04-08 05:05:54.556425,,0,0
BKS2C,NoReciever-3,GBKS2C,STANDARD,S02,2026-04-21,2026-04-26,f,2026-04-08 05:05:54.556425,,0,0
BKS2D,NoReciever-4,GBKS2D,STANDARD,S02,2026-04-27,2026-05-02,f,2026-04-08 05:05:54.556426,,0,0
BKS2E,NoReciever-5,GBKS2E,STANDARD,S02,2026-05-03,2026-05-07,f,2026-04-08 05:05:54.556426,,0,0
BKS3A,LongAnchor-Before,GBKS3A,STANDARD,S03,2026-04-08,2026-04-11,f,2026-04-08 05:05:54.556427,,0,0
BKS3B,LongAnchor-12n,GBKS3B,STANDARD,S03,2026-04-12,2026-04-24,f,2026-04-08 05:05:54.556428,,0,0
BKS3C,LongAnchor-After,GBKS3C,STANDARD,S03,2026-04-25,2026-04-30,f,2026-04-08 05:05:54.556428,,0,0
BKS3D,LongAnchor-Tail,GBKS3D,STANDARD,S03,2026-05-01,2026-05-06,f,2026-04-08 05:05:54.556429,,0,0
BKU2C,Shared-U02-C,GBKU2C,SUITE,U08,2026-04-22,2026-04-27,f,2026-04-08 05:05:54.556466,,0,0
BKS5E,HardFlank-T,GBKS5E,STANDARD,S02,2026-05-01,2026-05-06,f,2026-04-08 05:05:54.556433,,0,0
814E380B,Integration Guest,F1984AE8,STANDARD,S03,2026-04-23,2026-04-25,f,2026-04-09 06:26:16.681706,,0,0
BKD7C,Stair-3n,GBKD7C,DELUXE,D01,2026-04-21,2026-04-26,f,2026-04-08 05:05:54.556457,,0,0
BKD6D,TripleNeed-4,GBKD6D,DELUXE,D08,2026-04-27,2026-05-02,f,2026-04-08 05:05:54.556455,,0,0
BKD1D,Flank7n-D,GBKD1D,DELUXE,D01,2026-05-01,2026-05-07,f,2026-04-08 05:05:54.556445,,0,0
BKD7D,Stair-4n,GBKD7D,DELUXE,D10,2026-04-29,2026-05-03,f,2026-04-08 05:05:54.556458,,0,0
BKD5D,Atom8n-Tail,GBKD5D,DELUXE,D04,2026-05-02,2026-05-07,f,2026-04-08 05:05:54.556453,,0,0
BKS4E,CompeteA-5,GBKS4E,STANDARD,S01,2026-04-30,2026-05-05,f,2026-04-08 05:05:54.556431,,0,0
BKD3D,4nGap-D,GBKD3D,DELUXE,D03,2026-05-01,2026-05-06,f,2026-04-08 05:05:54.556449,,0,0
BKD8C,EndGap-C,GBKD8C,DELUXE,D07,2026-04-23,2026-04-30,f,2026-04-08 05:05:54.55646,,0,0
BKD6E,TripleNeed-5,GBKD6E,DELUXE,D07,2026-05-03,2026-05-07,f,2026-04-08 05:05:54.556456,,0,0
BKS5A,HardFlank-L,GBKS5A,STANDARD,S05,2026-04-08,2026-04-13,f,2026-04-08 05:05:54.556432,,0,0
BKD7A,Stair-1n,GBKD7A,DELUXE,D06,2026-04-08,2026-04-13,f,2026-04-08 05:05:54.556456,,0,0
BKD9D,Recv-D9-End,GBKD9D,DELUXE,D02,2026-05-04,2026-05-07,f,2026-04-08 05:05:54.556462,,0,0
BKD9C,Recv-D9-Tail,GBKD9C,DELUXE,D04,2026-04-26,2026-05-03,f,2026-04-08 05:05:54.556462,,0,0
BKU1B,Chain2-U01-B,GBKU1B,SUITE,U02,2026-04-14,2026-04-20,f,2026-04-08 05:05:54.556463,,0,0
BKD7E,Stair-End,GBKD7E,DELUXE,D07,2026-05-07,2026-05-08,f,2026-04-08 05:05:54.556458,,0,0
BKS8A,Critical-Early,GBKS8A,STANDARD,S03,2026-04-09,2026-04-16,f,2026-04-08 05:05:54.556439,,0,0
BKD8D,EndGap-D,GBKD8D,DELUXE,D08,2026-05-01,2026-05-06,f,2026-04-08 05:05:54.55646,,0,0
BKS6B,CreativeA-2,GBKS6B,STANDARD,S03,2026-04-14,2026-04-18,f,2026-04-08 05:05:54.556435,,0,0
BKU3B,PostHard-A,GBKU3B,SUITE,U01,2026-04-13,2026-04-19,f,2026-04-08 05:05:54.556468,,0,0
BKU1A,Chain2-U01-A,GBKU1A,SUITE,U01,2026-04-08,2026-04-13,f,2026-04-08 05:05:54.556463,,0,0
BKU1E,Chain2-U01-E,GBKU1E,SUITE,U01,2026-05-04,2026-05-07,f,2026-04-08 05:05:54.556465,,0,0
BKU2A,Shared-U02-A,GBKU2A,SUITE,U02,2026-04-08,2026-04-13,f,2026-04-08 05:05:54.556465,,0,0
BKD4E,MutualSwap-E,GBKD4E,DELUXE,D06,2026-05-04,2026-05-07,f,2026-04-08 05:05:54.556451,,0,0
BKU3E,PostHard-D,GBKU3E,SUITE,U03,2026-05-04,2026-05-07,f,2026-04-08 05:05:54.55647,,0,0
BKU4A,BeyondMax-Left,GBKU4A,SUITE,U04,2026-04-08,2026-04-15,f,2026-04-08 05:05:54.55647,,0,0
BKU4B,BeyondMax-Right,GBKU4B,SUITE,U04,2026-04-21,2026-04-28,f,2026-04-08 05:05:54.556471,,0,0
BKS8D,Critical-End,GBKS8D,STANDARD,S09,2026-05-02,2026-05-07,f,2026-04-08 05:05:54.556441,,0,0
BKU2E,Shared-U02-E,GBKU2E,SUITE,U07,2026-05-05,2026-05-07,f,2026-04-08 05:05:54.556468,,0,0
BKU3C,PostHard-B,GBKU3C,SUITE,U06,2026-04-20,2026-04-26,f,2026-04-08 05:05:54.556469,,0,0
BKD6B,TripleNeed-2,GBKD6B,DELUXE,D01,2026-04-13,2026-04-19,f,2026-04-08 05:05:54.556454,,0,0
DCB245F1,gx,B07517B1,DELUXE,D07,2026-04-14,2026-04-23,f,2026-04-08 05:14:16.654219,,0,0
BKS9B,Recv-S9-Body,GBKS9B,STANDARD,S01,2026-04-18,2026-04-28,f,2026-04-08 05:05:54.556442,,0,0
09BD4776,Walk-in Guest,B7B7D5BC,STANDARD,S09,2026-04-15,2026-04-16,f,2026-04-10 12:59:37.09728,,0,0
BKS6E,CreativeA-5,GBKS6E,STANDARD,S01,2026-05-01,2026-05-06,f,2026-04-08 05:05:54.556436,,0,0
F21F908A,Integration Guest,29895FB6,STANDARD,S02,2026-04-24,2026-04-26,f,2026-04-10 12:24:33.835797,,0,0
BKD7B,Stair-2n,GBKD7B,DELUXE,D03,2026-04-14,2026-04-19,f,2026-04-08 05:05:54.556457,,0,0
BKU1C,Chain2-U01-C,GBKU1C,SUITE,U04,2026-04-21,2026-04-26,f,2026-04-08 05:05:54.556464,,0,0
BKD6C,TripleNeed-3,GBKD6C,DELUXE,D04,2026-04-20,2026-04-26,f,2026-04-08 05:05:54.556455,,0,0
4BE5880F,Walk-in Guest,2139EF72,STANDARD,S01,2026-04-16,2026-04-18,f,2026-04-10 12:24:33.892706,,0,0
BKS6A,CreativeA-1,GBKS6A,STANDARD,S01,2026-04-08,2026-04-13,f,2026-04-08 05:05:54.556434,,0,0
BKS10B,Recv-S10-B,GBKS10B,STANDARD,S04,2026-04-16,2026-04-24,f,2026-04-08 05:05:54.556443,,0,0
BKS7C,BackToBack-3,GBKS7C,STANDARD,S05,2026-04-20,2026-04-25,f,2026-04-08 05:05:54.556438,,0,0
BKU2D,Shared-U02-D,GBKU2D,SUITE,U02,2026-04-28,2026-05-04,f,2026-04-08 05:05:54.556467,,0,0
BKS10A,Recv-S10-A,GBKS10A,STANDARD,S01,2026-04-08,2026-04-16,f,2026-04-08 05:05:54.556443,,0,0
BKD8B,EndGap-B,GBKD8B,DELUXE,D05,2026-04-15,2026-04-22,f,2026-04-08 05:05:54.556459,,0,0
BKU1D,Chain2-U01-D,GBKU1D,SUITE,U05,2026-04-27,2026-05-03,f,2026-04-08 05:05:54.556464,,0,0
BKU3D,PostHard-C,GBKU3D,SUITE,U08,2026-04-27,2026-05-03,f,2026-04-08 05:05:54.556469,,0,0
BKS7B,BackToBack-2,GBKS7B,STANDARD,S06,2026-04-14,2026-04-19,f,2026-04-08 05:05:54.556437,,0,0
BKD1B,Flank7n-Right,GBKD1B,DELUXE,D06,2026-04-16,2026-04-23,f,2026-04-08 05:05:54.556444,,0,0
BKS4C,CompeteA-3,GBKS4C,STANDARD,S02,2026-04-18,2026-04-23,f,2026-04-08 05:05:54.55643,,0,0
BKS6C,CreativeA-3,GBKS6C,STANDARD,S06,2026-04-19,2026-04-24,f,2026-04-08 05:05:54.556435,,0,0
BKS4D,CompeteA-4,GBKS4D,STANDARD,S06,2026-04-24,2026-04-29,f,2026-04-08 05:05:54.556431,,0,0
BKS7A,BackToBack-1,GBKS7A,STANDARD,S01,2026-04-08,2026-04-13,f,2026-04-08 05:05:54.556437,,0,0
BKS9A,Recv-S9-Head,GBKS9A,STANDARD,S02,2026-04-08,2026-04-15,f,2026-04-08 05:05:54.556441,,0,0
BKS7E,BackToBack-5,GBKS7E,STANDARD,S04,2026-05-02,2026-05-07,f,2026-04-08 05:05:54.556439,,0,0
BKS9C,Recv-S9-Tail,GBKS9C,STANDARD,S06,2026-04-29,2026-05-07,f,2026-04-08 05:05:54.556442,,0,0
BKU5A,ConsecGap-A,GBKU5A,SUITE,U05,2026-04-08,2026-04-13,f,2026-04-08 05:05:54.556472,,0,0
BKU5B,ConsecGap-B,GBKU5B,SUITE,U05,2026-04-14,2026-04-19,f,2026-04-08 05:05:54.556473,,0,0
BKU6A,Reprice-A,GBKU6A,SUITE,U06,2026-04-08,2026-04-13,f,2026-04-08 05:05:54.556475,,0,0
BKU6B,Reprice-B,GBKU6B,SUITE,U06,2026-04-14,2026-04-20,f,2026-04-08 05:05:54.556475,,0,0
BKU7A,DeadReceiver-A,GBKU7A,SUITE,U07,2026-04-08,2026-04-14,f,2026-04-08 05:05:54.556477,,0,0
BKU7C,DeadReceiver-C,GBKU7C,SUITE,U07,2026-04-23,2026-04-30,f,2026-04-08 05:05:54.556478,,0,0
BKU8A,Normal-A,GBKU8A,SUITE,U08,2026-04-08,2026-04-13,f,2026-04-08 05:05:54.556479,,0,0
BKU8B,Normal-B,GBKU8B,SUITE,U08,2026-04-14,2026-04-19,f,2026-04-08 05:05:54.55648,,0,0
BKU8E,Normal-E,GBKU8E,SUITE,U08,2026-05-02,2026-05-07,f,2026-04-08 05:05:54.556481,,0,0
BKU9A,Recv-U9-Head,GBKU9A,SUITE,U09,2026-04-08,2026-04-11,f,2026-04-08 05:05:54.556482,,0,0
BKD4C,MutualSwap-C,GBKD4C,DELUXE,D04,2026-04-21,2026-04-26,f,2026-04-08 05:05:54.55645,,0,0
BKD5A,Atom8n-Left,GBKD5A,DELUXE,D04,2026-04-08,2026-04-14,f,2026-04-08 05:05:54.556452,,0,0
21656359,Walk-in Guest,C8DC49F2,STANDARD,S03,2026-04-15,2026-04-17,f,2026-04-09 06:26:16.750457,,0,0
4DEFF301,Walk-in Guest,4312BDC9,STANDARD,S02,2026-05-03,2026-05-04,f,2026-05-02 06:36:16.070879,,,0
BKU7B,DeadReceiver-B,GBKU7B,SUITE,U07,2026-04-15,2026-04-22,f,2026-04-08 05:05:54.556478,,0,0
BKD5C,Atom8n-Right,GBKD5C,DELUXE,D02,2026-04-24,2026-04-30,f,2026-04-08 05:05:54.556453,,0,0
BKU8C,Normal-C,GBKU8C,SUITE,U02,2026-04-20,2026-04-25,f,2026-04-08 05:05:54.55648,,0,0
E9EF4DD6,Test Suite,DE686999,STANDARD,S03,2026-04-20,2026-04-22,f,2026-04-10 13:00:02.073559,,0,0
BKD6A,TripleNeed-1,GBKD6A,DELUXE,D08,2026-04-08,2026-04-12,f,2026-04-08 05:05:54.556454,,0,0
BKU5C,ConsecGap-C,GBKU5C,SUITE,U01,2026-04-20,2026-04-26,f,2026-04-08 05:05:54.556473,,0,0
07EBCD11,Walk-in Guest,AF6A9C8E,STANDARD,S05,2026-04-11,2026-04-12,f,2026-04-10 13:00:02.094051,,0,0
BKU8D,Normal-D,GBKU8D,SUITE,U06,2026-04-26,2026-05-01,f,2026-04-08 05:05:54.556481,,0,0
BKU5D,ConsecGap-D,GBKU5D,SUITE,U08,2026-04-27,2026-05-03,f,2026-04-08 05:05:54.556474,,0,0
BKU10B,Recv-U10-Body,GBKU10B,SUITE,U02,2026-04-26,2026-05-03,f,2026-04-08 05:05:54.556486,,0,0
BKU6D,Reprice-D,GBKU6D,SUITE,U04,2026-04-28,2026-05-04,f,2026-04-08 05:05:54.556476,,0,0
3CB9B1D5,Test Suite,6AAA14EC,STANDARD,S07,2026-04-20,2026-04-22,f,2026-04-10 12:59:37.088364,,0,0
5AB0EDD1,Integration Guest,DF00E57C,STANDARD,S08,2026-04-23,2026-04-25,f,2026-04-09 06:26:36.138003,,0,0
3D76704E,Walk-in Guest,9AD9E763,STANDARD,S02,2026-04-28,2026-04-29,f,2026-04-10 12:24:33.956788,,0,0
BKS8C,Critical-Late,GBKS8C,STANDARD,S02,2026-04-25,2026-05-01,f,2026-04-08 05:05:54.55644,,0,0
BKD2D,BetweenHard-B,GBKD2D,DELUXE,D01,2026-04-26,2026-05-02,f,2026-04-08 05:05:54.556446,,0,0
BKS5D,HardFlank-R,GBKS5D,STANDARD,S01,2026-04-25,2026-04-30,f,2026-04-08 05:05:54.556433,,0,0
BKU6C,Reprice-C,GBKU6C,SUITE,U05,2026-04-21,2026-04-27,f,2026-04-08 05:05:54.556476,,0,0
55F8FF52,John Doe,3DEAEAF8,DELUXE,D01,2026-04-20,2026-04-24,f,2026-04-10 21:54:12.367495,,,0
BKU10A,Recv-U10-Head,GBKU10A,SUITE,U09,2026-04-08,2026-04-16,f,2026-04-08 05:05:54.556485,,0,0
BKU9B,Recv-U9-Body,GBKU9B,SUITE,U09,2026-04-17,2026-04-25,f,2026-04-08 05:05:54.556484,,0,0
CD98C386,Bob,3881CA43,STANDARD,S05,2026-04-26,2026-04-28,f,2026-04-10 21:54:35.749032,,,0
BKD4A,MutualSwap-A,GBKD4A,DELUXE,D10,2026-04-08,2026-04-13,f,2026-04-08 05:05:54.556449,,0,0
BKD5B,Atom8n-LONG,GBKD5B,DELUXE,D10,2026-04-15,2026-04-23,f,2026-04-08 05:05:54.556452,,0,0
BKD2C,BetweenHard-A,GBKD2C,DELUXE,D10,2026-04-18,2026-04-25,f,2026-04-08 05:05:54.556446,,0,0
72F5195F,John Doe,0E2D9A4A,DELUXE,D03,2026-04-20,2026-04-24,f,2026-04-10 21:54:22.770656,,,0
31160F06,Rahul,C6A33AA6,DELUXE,D08,2026-04-25,2026-04-27,f,2026-04-11 09:48:38.756017,,,0
593A4E7B,Slot Verify Guest,9D14C727,STANDARD,S02,2026-04-26,2026-04-28,f,2026-04-09 06:15:34.908882,,0,0
8C313D7A,Walk-in Guest,79F77EBC,STANDARD,S02,2026-04-27,2026-04-28,f,2026-04-09 06:26:36.272513,,0,0
BKD4D,MutualSwap-D,GBKD4D,DELUXE,D03,2026-04-27,2026-05-03,f,2026-04-08 05:05:54.556451,,0,0
BKU9C,Recv-U9-Tail,GBKU9C,SUITE,U01,2026-04-26,2026-05-04,f,2026-04-08 05:05:54.556484,,0,0
BKD4B,MutualSwap-B,GBKD4B,DELUXE,D04,2026-04-14,2026-04-20,f,2026-04-08 05:05:54.55645,,0,0
BKS6D,CreativeA-4,GBKS6D,STANDARD,S01,2026-04-25,2026-04-30,f,2026-04-08 05:05:54.556436,,0,0
BKU4C,BeyondMax-C,GBKU4C,SUITE,U03,2026-04-29,2026-05-05,f,2026-04-08 05:05:54.556471,,0,0
BKS7D,BackToBack-4,GBKS7D,STANDARD,S04,2026-04-26,2026-05-01,f,2026-04-08 05:05:54.556438,,0,0
BKU7D,DeadReceiver-D,GBKU7D,SUITE,U06,2026-05-01,2026-05-07,f,2026-04-08 05:05:54.556479,,0,0
BKU5E,ConsecGap-E,GBKU5E,SUITE,U02,2026-05-04,2026-05-07,f,2026-04-08 05:05:54.556474,,0,0
BKU10C,Recv-U10-Tail,GBKU10C,SUITE,U04,2026-05-04,2026-05-07,f,2026-04-08 05:05:54.556486,,0,0
BKU6E,Reprice-E,GBKU6E,SUITE,U10,2026-05-05,2026-05-07,f,2026-04-08 05:05:54.556477,,0,0
BKU9D,Recv-U9-End,GBKU9D,SUITE,U05,2026-05-05,2026-05-07,f,2026-04-08 05:05:54.556485,,0,0
BKU4D,BeyondMax-D,GBKU4D,SUITE,U09,2026-05-06,2026-05-07,f,2026-04-08 05:05:54.556472,,0,0
3D7E7317,Cameron Gonzalez,601E56F4,DELUXE,D01,2026-05-31,2026-06-01,t,2026-05-30 21:00:00,,,0
9482FFF6,Peyton Garcia,0152F9F8,DELUXE,D02,2026-06-20,2026-06-22,t,2026-06-14 19:00:00,,,0
3D1CB018,Elizabeth Jones,CB734418,DELUXE,D02,2026-06-23,2026-06-24,t,2026-06-11 20:00:00,,,0
EE4090F8,Linda Ramirez,245C9105,DELUXE,D02,2026-06-26,2026-06-28,t,2026-06-23 20:00:00,,,0
CD8BE73E,Linda Thomas,6CA2A60F,DELUXE,D03,2026-05-31,2026-06-03,t,2026-05-16 18:00:00,,,0
BKD3B,4nGap-After,GBKD3B,DELUXE,D02,2026-04-17,2026-04-23,f,2026-04-08 05:05:54.556448,,0,0
6FABFE8F,Walk-in Guest,3AD2ACAB,STANDARD,S03,2026-04-27,2026-04-28,f,2026-04-09 06:22:58.852216,,0,0
560076EC,William Rodriguez,94755DEB,DELUXE,D03,2026-06-04,2026-06-05,t,2026-05-23 17:00:00,,,0
58A53F71,Jessica Jones,785E8606,DELUXE,D03,2026-06-06,2026-06-08,t,2026-05-29 16:00:00,,,0
AE7B95EA,John Moore,63F7EE8E,DELUXE,D03,2026-06-10,2026-06-11,t,2026-06-09 13:00:00,,,0
49148E91,Taylor Lopez,12B6E01E,DELUXE,D03,2026-06-12,2026-06-14,t,2026-06-03 21:00:00,,,0
19CC9BE5,Casey Hernandez,928FB79D,DELUXE,D03,2026-06-16,2026-06-19,t,2026-06-05 10:00:00,,,0
BKD8A,EndGap-A,GBKD8A,DELUXE,D07,2026-04-08,2026-04-14,f,2026-04-08 05:05:54.556459,,0,0
BKD9B,Recv-D9-Body,GBKD9B,DELUXE,D08,2026-04-17,2026-04-25,f,2026-04-08 05:05:54.556461,,0,0
2D091F4D,Riley Martin,A79E1601,DELUXE,D03,2026-06-20,2026-06-22,t,2026-06-14 08:00:00,,,0
BKS4A,CompeteA-1,GBKS4A,STANDARD,S01,2026-04-08,2026-04-12,f,2026-04-08 05:05:54.556429,,0,0
BKD1C,Flank7n-C,GBKD1C,DELUXE,D02,2026-04-24,2026-04-30,f,2026-04-08 05:05:54.556445,,0,0
E4A90ED6,Test Suite,6054A7B1,STANDARD,S07,2026-04-20,2026-04-22,f,2026-04-10 13:00:22.011213,,0,0
78310CD4,Karen Gonzalez,CC7F9FC0,DELUXE,D03,2026-06-24,2026-06-25,t,2026-06-14 21:00:00,,,0
0FFD1A7C,Robert Ramirez,9ACE8589,DELUXE,D03,2026-06-26,2026-06-29,t,2026-06-05 21:00:00,,,0
BKU2B,Shared-U02-B,GBKU2B,SUITE,U04,2026-04-15,2026-04-21,f,2026-04-08 05:05:54.556466,,0,0
29D58B16,Alex Lewis,B5F61D87,DELUXE,D07,2026-05-31,2026-06-02,t,2026-05-29 09:00:00,,,0
9A1C7794,Walk-in Guest,F8F90053,STANDARD,S05,2026-04-11,2026-04-12,f,2026-04-10 13:00:22.020622,,0,0
2EA3EF6D,Walk-in Guest,B662455A,STANDARD,S02,2026-04-28,2026-04-29,f,2026-04-10 12:29:12.194552,,0,0
6717D25F,Slot Verify Guest,5CD50336,STANDARD,S02,2026-04-26,2026-04-28,f,2026-04-09 06:26:36.150011,,0,0
FC161CAD,Barbara Anderson,DFDE0C0C,DELUXE,D07,2026-06-04,2026-06-07,t,2026-05-20 14:00:00,,,0
686481BE,Integration Guest,EB95AF73,STANDARD,S02,2026-04-23,2026-04-25,f,2026-04-09 06:22:58.740663,,0,0
BC254CAF,Walk-in Guest,D6AF1106,STANDARD,S08,2026-04-15,2026-04-17,f,2026-04-09 06:15:34.959186,,0,0
BKS4B,CompeteA-2,GBKS4B,STANDARD,S04,2026-04-13,2026-04-17,f,2026-04-08 05:05:54.55643,,0,0
1064CD53,Walk-in Guest,F9C069ED,STANDARD,S02,2026-04-16,2026-04-18,f,2026-04-10 12:29:12.129639,,0,0
36D75563,Walk-in Guest,4D235642,STANDARD,S02,2026-04-15,2026-04-17,f,2026-04-09 06:26:36.217781,,0,0
BKS8B,Critical-Mid,GBKS8B,STANDARD,S08,2026-04-17,2026-04-24,f,2026-04-08 05:05:54.55644,,0,0
FD51F01C,Integration Guest,B870B0C8,STANDARD,S06,2026-04-23,2026-04-25,f,2026-04-09 06:15:34.887352,,0,0
8ADA576C,Integration Guest,08320880,STANDARD,S04,2026-04-24,2026-04-26,f,2026-04-10 12:29:12.085127,,0,0
3179209F,Bob,12F83A98,STANDARD,S09,2026-04-26,2026-04-28,f,2026-04-10 21:57:32.662004,,,0
67E3FD4B,Split Guest,D426E621,SUITE,U03,2026-04-12,2026-04-29,f,2026-04-10 21:57:52.040253,D9F3333F,0,0
2B3C5B8B,Bob,9FEAC58D,STANDARD,S02,2026-04-26,2026-04-28,f,2026-04-10 21:25:31.981354,,0,0
BKD2E,BetweenHard-C,GBKD2E,DELUXE,D10,2026-05-03,2026-05-07,f,2026-04-08 05:05:54.556447,,0,0
F0A176ED,James Wilson,E6D6C509,STANDARD,S01,2026-05-10,2026-05-13,f,2026-04-28 08:28:39.825769,,,0
00880000,John Doe,B261C79D,ECONOMY,E08,2026-04-20,2026-04-21,f,2026-04-10 21:25:14.783799,,0,0
F1F9C149,Linda Martin,072D3FE8,DELUXE,D07,2026-06-08,2026-06-09,t,2026-06-06 16:00:00,,,0
BKD1A,Flank7n-Left,GBKD1A,DELUXE,D05,2026-04-08,2026-04-15,f,2026-04-08 05:05:54.556444,,0,0
46D3F9A0,Patricia Lewis,0FC6F5A0,DELUXE,D07,2026-06-10,2026-06-11,t,2026-06-09 19:00:00,,,0
5C7449BF,Avery Clark,B4C42F3B,DELUXE,D07,2026-06-11,2026-06-13,t,2026-06-03 16:00:00,,,0
071086AE,Slot Verify Guest,9890FDE4,STANDARD,S03,2026-04-26,2026-04-28,f,2026-04-09 06:22:58.750807,,0,0
AD9C7E18,Patricia Brown,061B213E,DELUXE,D07,2026-06-13,2026-06-15,t,2026-06-09 13:00:00,,,0
8C4BA555,Walk-in Guest,907C065D,STANDARD,S03,2026-04-17,2026-04-25,f,2026-04-10 18:19:45.790638,,0,0
E467D188,Walk-in Guest,4F6D3CC3,STANDARD,S07,2026-04-15,2026-04-16,f,2026-04-10 12:59:02.541274,,0,0
A1D0F18D,Split Guest,CF31C068,SUITE,U10,2026-04-12,2026-04-29,f,2026-04-10 22:00:24.333251,A96A13E9,0,0
439922E0,Walk-in Guest,144D973C,STANDARD,S09,2026-04-11,2026-04-25,f,2026-04-10 22:09:05.991185,FAF2367A,0,0
BA1E69C3,Walk-in Guest,0F7211A2,STANDARD,S09,2026-04-28,2026-04-29,f,2026-04-10 22:09:06.022367,FAF2367A,1,0
BKD3C,4nGap-C,GBKD3C,DELUXE,D03,2026-04-24,2026-04-30,f,2026-04-08 05:05:54.556448,,0,0
19DE548E,Susan Jones,680BA074,DELUXE,D07,2026-06-17,2026-06-19,t,2026-06-15 19:00:00,,,0
6FD6A28E,Bob,675CE360,STANDARD,S08,2026-04-26,2026-04-28,f,2026-04-10 22:00:11.527949,,,0
390FB30B,Bob,3D1A69AB,STANDARD,S02,2026-04-26,2026-04-28,f,2026-04-10 21:40:07.765199,,0,0
77A4252F,Test Suite,8F8F9E6F,STANDARD,S01,2026-05-12,2026-05-14,f,2026-05-02 06:36:16.059053,,,0
5129F4A6,Avery Brown,368F4C19,ECONOMY,E08,2026-06-01,2026-06-02,t,2026-05-20 12:00:00,,,0
CE41B8D3,Cameron Rodriguez,A33EA7D4,DELUXE,D07,2026-06-19,2026-06-22,t,2026-06-13 11:00:00,,,0
27A501E0,James Johnson,2CA192E8,ECONOMY,E08,2026-06-03,2026-06-06,t,2026-05-11 14:00:00,,,0
C1E5AF1A,David Thompson,13BF103E,DELUXE,D07,2026-06-23,2026-06-24,t,2026-06-20 09:00:00,,,0
CA2049F3,Linda Robinson,C85E61F2,ECONOMY,E08,2026-06-07,2026-06-08,t,2026-05-27 13:00:00,,,0
00A6F371,Richard Harris,3A2913DD,ECONOMY,E08,2026-06-12,2026-06-14,t,2026-06-07 16:00:00,,,0
BKD9A,Recv-D9-Head,GBKD9A,DELUXE,D03,2026-04-08,2026-04-13,f,2026-04-08 05:05:54.556461,,0,0
911BE685,Alex Lee,EEA65B2A,ECONOMY,E08,2026-06-14,2026-06-15,t,2026-06-08 22:00:00,,,0
B687D41A,Elizabeth Robinson,E1668D6D,ECONOMY,E08,2026-06-16,2026-06-17,t,2026-06-15 12:00:00,,,0
5021CB42,James Rodriguez,59276B25,ECONOMY,E08,2026-06-18,2026-06-21,t,2026-06-06 09:00:00,,,0
3620782D,Barbara Lee,5CFDB7DC,ECONOMY,E08,2026-06-22,2026-06-23,t,2026-06-10 12:00:00,,,0
6E9851AB,David Johnson,9D5FF4D7,ECONOMY,E08,2026-06-26,2026-06-28,t,2026-06-19 19:00:00,,,0
974732E6,James Lewis,6A14E6C6,ECONOMY,E08,2026-06-29,2026-06-30,t,2026-06-23 21:00:00,,,0
6428DF4B,Thomas Clark,DC06DAC9,ECONOMY,E09,2026-05-31,2026-06-02,t,2026-05-23 07:00:00,,,0
2DD14C39,William Harris,B8F1E075,ECONOMY,E09,2026-06-02,2026-06-03,t,2026-05-27 10:00:00,,,0
37CC63A1,Barbara Martinez,C29983AA,ECONOMY,E09,2026-06-04,2026-06-09,t,2026-05-07 15:00:00,,,0
D827F1E8,Patricia Gonzalez,B022C341,ECONOMY,E09,2026-06-09,2026-06-10,t,2026-06-06 13:00:00,,,0
BKD3A,4nGap-Before,GBKD3A,DELUXE,D01,2026-04-08,2026-04-13,f,2026-04-08 05:05:54.556447,,0,0
EE6FEDD0,Barbara Clark,27D7BF97,DELUXE,D07,2026-06-25,2026-06-28,t,2026-06-01 17:00:00,,,0
38299F49,Richard Wilson,0974C46A,ECONOMY,E09,2026-06-12,2026-06-13,t,2026-06-07 15:00:00,,,0
AC34EC0B,Sarah Lee,1AF0B207,ECONOMY,E09,2026-06-15,2026-06-16,t,2026-06-05 16:00:00,,,0
445D135E,Susan Lewis,2BF8B682,ECONOMY,E09,2026-06-17,2026-06-19,t,2026-06-15 13:00:00,,,0
D8F1FFB8,Richard Brown,A0BC58F5,ECONOMY,E09,2026-06-20,2026-06-21,t,2026-06-12 09:00:00,,,0
F6771F8D,Sarah Martinez,65E44163,ECONOMY,E09,2026-06-22,2026-06-23,t,2026-06-20 20:00:00,,,0
1C85D26B,Mary Moore,7CDA980E,DELUXE,D07,2026-06-28,2026-06-30,t,2026-06-27 15:00:00,,,0
00B95253,Barbara Johnson,111FB398,DELUXE,D08,2026-05-31,2026-06-03,t,2026-05-13 15:00:00,,,0
C46E2683,Avery Ramirez,92246396,DELUXE,D08,2026-06-04,2026-06-05,t,2026-05-25 12:00:00,,,0
5A1B49BC,Alex Harris,3DFCE356,DELUXE,D08,2026-06-06,2026-06-09,t,2026-05-20 13:00:00,,,0
AF10EDE2,Jennifer Lewis,CAC0E5E3,DELUXE,D08,2026-06-12,2026-06-13,t,2026-06-07 20:00:00,,,0
FBDBD796,Thomas Taylor,BF3E34F5,DELUXE,D08,2026-06-13,2026-06-14,t,2026-06-08 19:00:00,,,0
8E6D661F,James Brown,09A6DB5D,DELUXE,D08,2026-06-15,2026-06-16,t,2026-06-03 09:00:00,,,0
1CD314D1,Riley Taylor,EA61D6A3,ECONOMY,E09,2026-06-24,2026-06-27,t,2026-05-27 17:00:00,,,0
915BC9AE,Jamie White,237E3E16,ECONOMY,E09,2026-06-27,2026-06-28,t,2026-06-23 19:00:00,,,0
46E691BD,William White,BCF16C2D,ECONOMY,E10,2026-06-04,2026-06-06,t,2026-05-23 16:00:00,,,0
4783D01B,Robert Martinez,10382919,ECONOMY,E10,2026-06-09,2026-06-11,t,2026-05-29 22:00:00,,,0
2572295C,Avery Brown,722C239B,ECONOMY,E10,2026-06-12,2026-06-13,t,2026-06-09 15:00:00,,,0
F8767C91,Avery Miller,B2E87105,ECONOMY,E10,2026-06-13,2026-06-14,t,2026-06-04 19:00:00,,,0
B347D0C4,Morgan Martin,37C55088,ECONOMY,E10,2026-06-17,2026-06-18,t,2026-06-10 12:00:00,,,0
29649B20,Morgan Ramirez,47C775BD,ECONOMY,E10,2026-06-19,2026-06-20,t,2026-06-08 20:00:00,,,0
83D8C213,John Wilson,7E87F0A2,ECONOMY,E10,2026-06-20,2026-06-22,t,2026-06-12 13:00:00,,,0
92B027C4,Jordan Smith,98FAF8DA,ECONOMY,E10,2026-06-24,2026-06-25,t,2026-06-22 07:00:00,,,0
8F5B532F,Linda Gonzalez,EDD91824,ECONOMY,E10,2026-06-25,2026-06-29,t,2026-05-29 17:00:00,,,0
73FBD0A2,Robert Garcia,6A6BD479,ECONOMY,E11,2026-05-31,2026-06-01,t,2026-05-22 21:00:00,,,0
90F200AE,David Lewis,CA2FAFD0,ECONOMY,E11,2026-06-03,2026-06-04,t,2026-05-24 19:00:00,,,0
B76762D1,John Ramirez,9C621A67,ECONOMY,E11,2026-06-05,2026-06-07,t,2026-05-24 22:00:00,,,0
276B70DB,Susan Johnson,81A8BCEC,ECONOMY,E11,2026-06-10,2026-06-13,t,2026-06-03 15:00:00,,,0
9ED0FF10,Joseph Anderson,B73A5DE7,ECONOMY,E11,2026-06-13,2026-06-15,t,2026-06-05 22:00:00,,,0
BKS5C,HardFlank-M,GBKS5C,STANDARD,S01,2026-04-18,2026-04-24,f,2026-04-08 05:05:54.556432,,0,0
316B0014,Walk-in Guest,62C355EB,STANDARD,S02,2026-04-15,2026-04-17,f,2026-04-09 06:22:58.788627,,0,0
28E21225,Jordan Williams,044232BB,ECONOMY,E11,2026-06-18,2026-06-20,t,2026-06-17 14:00:00,,,0
214C6326,Cameron Miller,C0243C7E,ECONOMY,E11,2026-06-20,2026-06-21,t,2026-06-12 20:00:00,,,0
30BF4389,Jamie Wilson,716698B1,ECONOMY,E11,2026-06-21,2026-06-22,t,2026-06-13 20:00:00,,,0
E3689C1F,Alex Wilson,FFA6AC22,ECONOMY,E11,2026-06-23,2026-06-24,t,2026-06-20 19:00:00,,,0
952AD93E,Cameron Jones,6BC79224,ECONOMY,E11,2026-06-28,2026-06-30,t,2026-06-19 17:00:00,,,0
DDDC11A5,Patricia Thomas,D8B31B16,ECONOMY,E12,2026-05-31,2026-06-04,t,2026-05-21 13:00:00,,,0
C8BFB883,Karen Hernandez,9D715E8D,ECONOMY,E12,2026-06-04,2026-06-08,t,2026-05-15 18:00:00,,,0
87CB479F,Alex Johnson,02157F95,ECONOMY,E12,2026-06-08,2026-06-13,t,2026-05-03 11:00:00,,,0
5DBE4005,Alex Lopez,24A4A127,ECONOMY,E12,2026-06-13,2026-06-14,t,2026-06-01 07:00:00,,,0
E0CC1740,Avery Martin,11DBDA78,ECONOMY,E12,2026-06-16,2026-06-20,t,2026-06-03 21:00:00,,,0
4EFA3925,Morgan Clark,BA8F9C68,ECONOMY,E12,2026-06-20,2026-06-22,t,2026-06-11 13:00:00,,,0
FC4EDFC6,Richard Rodriguez,5F21B366,ECONOMY,E12,2026-06-24,2026-06-25,t,2026-06-23 17:00:00,,,0
FD0F066F,Barbara Brown,7BE63D5F,ECONOMY,E12,2026-06-26,2026-06-29,t,2026-06-20 20:00:00,,,0
591EB698,Riley Martin,11CF3AE4,ECONOMY,E12,2026-06-29,2026-06-30,t,2026-06-27 12:00:00,,,0
EBE162AD,Susan Sanchez,20B94C10,ECONOMY,E13,2026-06-02,2026-06-03,t,2026-05-21 15:00:00,,,0
113F4C53,Alex Sanchez,7AA76451,ECONOMY,E13,2026-06-04,2026-06-05,t,2026-06-02 10:00:00,,,0
61DD300F,Barbara Davis,D652FA42,ECONOMY,E13,2026-06-05,2026-06-07,t,2026-05-30 22:00:00,,,0
B9598ED2,Michael Lopez,82287337,ECONOMY,E13,2026-06-09,2026-06-12,t,2026-05-24 21:00:00,,,0
0D33565C,Linda Lewis,23DA92F8,ECONOMY,E13,2026-06-12,2026-06-16,t,2026-05-20 08:00:00,,,0
619591B6,Jennifer Martinez,D9AD5817,ECONOMY,E13,2026-06-17,2026-06-19,t,2026-06-12 21:00:00,,,0
0D79957F,Taylor Wilson,6DF6A80E,ECONOMY,E13,2026-06-19,2026-06-20,t,2026-06-15 11:00:00,,,0
98DE1547,Mary Perez,8FDF6117,ECONOMY,E13,2026-06-20,2026-06-21,t,2026-06-08 17:00:00,,,0
39083514,Morgan Brown,4BE3DD38,ECONOMY,E13,2026-06-22,2026-06-24,t,2026-06-16 08:00:00,,,0
49AE1514,Susan Martin,06367CA7,ECONOMY,E13,2026-06-26,2026-06-29,t,2026-06-17 22:00:00,,,0
470FDB54,Alex Wilson,33F5A0E6,ECONOMY,E14,2026-05-31,2026-06-03,t,2026-05-10 16:00:00,,,0
30AE8052,Alex Anderson,2EF9E6A8,ECONOMY,E14,2026-06-04,2026-06-05,t,2026-05-25 14:00:00,,,0
0D57B6EB,Jennifer White,A33289A0,ECONOMY,E14,2026-06-06,2026-06-09,t,2026-05-17 08:00:00,,,0
DA9F5CAF,John Jackson,F7B6692F,ECONOMY,E14,2026-06-12,2026-06-14,t,2026-05-31 12:00:00,,,0
8256A438,Cameron Johnson,61587BAD,ECONOMY,E14,2026-06-17,2026-06-18,t,2026-06-08 13:00:00,,,0
98507732,Karen Rodriguez,2B079D63,ECONOMY,E14,2026-06-19,2026-06-20,t,2026-06-11 22:00:00,,,0
8E51A419,Jamie Clark,621A1F8D,ECONOMY,E14,2026-06-21,2026-06-23,t,2026-06-16 19:00:00,,,0
D4D58D68,Mary Johnson,962521D7,ECONOMY,E14,2026-06-25,2026-06-26,t,2026-06-16 07:00:00,,,0
6E5AC48A,David Martin,CC9BBEC6,ECONOMY,E14,2026-06-27,2026-06-30,t,2026-06-21 11:00:00,,,0
C9BED218,Direct Guest,BEC49659,STANDARD,S02,2026-06-01,2026-06-02,f,2026-05-31 04:41:09.961121,,,0
E8F658B7,Test Suite,7B047EDD,STANDARD,S02,2026-06-10,2026-06-12,f,2026-05-31 04:41:09.95433,,,0
D8A2AF7A,Jennifer Anderson,35B22282,STANDARD,S03,2026-05-31,2026-06-01,t,2026-05-30 21:00:00,,,0
8DFC036D,Alex Rodriguez,0219DD02,SUITE,U01,2026-06-19,2026-06-20,t,2026-06-10 13:00:00,,,0
00CD831A,Richard Brown,5E499081,DELUXE,D01,2026-06-02,2026-06-03,t,2026-05-30 13:00:00,,,0
3CC8C9BE,Casey Wilson,A0DE88B7,DELUXE,D01,2026-06-04,2026-06-05,t,2026-05-23 10:00:00,,,0
49332080,Michael Rodriguez,BF0470C9,DELUXE,D01,2026-06-05,2026-06-06,t,2026-05-25 07:00:00,,,0
EC39EAB8,Thomas Rodriguez,1FAD3A86,DELUXE,D01,2026-06-08,2026-06-09,t,2026-06-04 19:00:00,,,0
99483A53,Taylor Thompson,E7584C47,DELUXE,D01,2026-06-09,2026-06-13,t,2026-05-21 22:00:00,,,0
891AF791,Patricia Thompson,1E30A17F,DELUXE,D01,2026-06-13,2026-06-16,t,2026-05-16 18:00:00,,,0
BE53C2BE,Alex Miller,7A950120,DELUXE,D01,2026-06-16,2026-06-18,t,2026-06-09 13:00:00,,,0
D4A38CB6,Karen Robinson,BD06E257,DELUXE,D01,2026-06-18,2026-06-20,t,2026-06-11 08:00:00,,,0
FC49A4F9,Mary Anderson,933A8023,DELUXE,D01,2026-06-20,2026-06-21,t,2026-06-17 10:00:00,,,0
678C35AD,Alex Smith,21BA86FE,DELUXE,D01,2026-06-22,2026-06-23,t,2026-06-21 21:00:00,,,0
A2F9F8DC,James Lewis,7D556C1A,DELUXE,D01,2026-06-26,2026-06-29,t,2026-06-05 10:00:00,,,0
CEE72C04,James Thomas,2DC30552,DELUXE,D02,2026-05-31,2026-06-01,t,2026-05-26 20:00:00,,,0
7416CECB,Avery Thompson,81CBBCE1,DELUXE,D02,2026-06-02,2026-06-06,t,2026-05-16 22:00:00,,,0
72B5745C,Alex Martinez,E4FD0B44,DELUXE,D02,2026-06-06,2026-06-07,t,2026-06-05 19:00:00,,,0
0015BED5,Mary Robinson,325E32E9,DELUXE,D02,2026-06-08,2026-06-09,t,2026-06-06 13:00:00,,,0
B15DF7D4,Susan Perez,37A3FEC4,DELUXE,D02,2026-06-10,2026-06-14,t,2026-05-17 11:00:00,,,0
CA625F40,Casey Taylor,E4CFB514,DELUXE,D08,2026-06-19,2026-06-22,t,2026-06-04 17:00:00,,,0
8C16A3A1,Elizabeth Jackson,54E49915,DELUXE,D08,2026-06-23,2026-06-24,t,2026-06-17 16:00:00,,,0
DEAB353E,Susan Hernandez,34450476,DELUXE,D08,2026-06-25,2026-06-29,t,2026-06-17 08:00:00,,,0
3C18B817,William Thompson,742880DE,DELUXE,D09,2026-05-31,2026-06-02,t,2026-05-21 08:00:00,,,0
60BE6992,Cameron Miller,5FDF673A,DELUXE,D09,2026-06-02,2026-06-04,t,2026-05-25 12:00:00,,,0
E56D832C,Elizabeth Clark,D5D214B9,DELUXE,D09,2026-06-05,2026-06-08,t,2026-05-18 17:00:00,,,0
B1B89D50,Thomas Martin,432D0B03,DELUXE,D09,2026-06-08,2026-06-09,t,2026-06-03 09:00:00,,,0
940E36AF,Robert Ramirez,93DF917C,DELUXE,D09,2026-06-11,2026-06-13,t,2026-06-07 17:00:00,,,0
C5517E38,John Lopez,5A7F1020,DELUXE,D09,2026-06-13,2026-06-14,t,2026-06-02 19:00:00,,,0
F91B49D6,Casey Lopez,B96F3C1D,DELUXE,D09,2026-06-16,2026-06-18,t,2026-06-11 07:00:00,,,0
13743EAA,Alex Martin,029E9FDD,DELUXE,D09,2026-06-19,2026-06-22,t,2026-05-20 15:00:00,,,0
19E4B9DA,Elizabeth Sanchez,E5FADF2A,DELUXE,D09,2026-06-26,2026-06-27,t,2026-06-20 13:00:00,,,0
DC62D4E4,Elizabeth Ramirez,C1C007F8,DELUXE,D09,2026-06-27,2026-06-30,t,2026-06-05 19:00:00,,,0
1E629DB9,James Smith,5710400C,DELUXE,D10,2026-05-31,2026-06-01,t,2026-05-29 19:00:00,,,0
B5514CEB,Mary Perez,94512078,DELUXE,D10,2026-06-03,2026-06-05,t,2026-05-31 14:00:00,,,0
B4547012,Richard Davis,C5E47F7A,DELUXE,D10,2026-06-06,2026-06-08,t,2026-05-25 11:00:00,,,0
23095461,James Jones,2BEEA15C,DELUXE,D10,2026-06-12,2026-06-14,t,2026-06-11 09:00:00,,,0
69D10481,David Miller,0A5C13B0,DELUXE,D10,2026-06-14,2026-06-16,t,2026-06-11 11:00:00,,,0
6D17427F,Avery Sanchez,30D0780D,DELUXE,D10,2026-06-17,2026-06-18,t,2026-06-15 10:00:00,,,0
B1A94A7C,Alex Ramirez,F04CC922,DELUXE,D10,2026-06-19,2026-06-23,t,2026-05-24 14:00:00,,,0
52C5BDB6,Jennifer Garcia,F2D62A8E,DELUXE,D10,2026-06-27,2026-06-28,t,2026-06-18 14:00:00,,,0
F47148AA,Jamie Gonzalez,E1A381D8,SUITE,U01,2026-05-31,2026-06-02,t,2026-05-27 07:00:00,,,0
6FBE8176,Jessica Martinez,E6765E34,SUITE,U01,2026-06-03,2026-06-04,t,2026-06-01 16:00:00,,,0
9B60A7F3,Richard Moore,58A86FEF,SUITE,U01,2026-06-06,2026-06-07,t,2026-05-28 12:00:00,,,0
3786FEB7,Barbara Ramirez,AFE060AA,SUITE,U01,2026-06-07,2026-06-08,t,2026-05-26 07:00:00,,,0
0567469E,John Clark,0224BAEC,SUITE,U01,2026-06-09,2026-06-10,t,2026-05-28 11:00:00,,,0
74ED140B,Susan Smith,FE049EC4,SUITE,U01,2026-06-12,2026-06-15,t,2026-06-05 08:00:00,,,0
1E505C96,Sarah White,0FB0C8EB,SUITE,U01,2026-06-16,2026-06-17,t,2026-06-11 17:00:00,,,0
61ED60CE,Barbara Martin,99BA0809,SUITE,U01,2026-06-20,2026-06-23,t,2026-05-30 10:00:00,,,0
070E88AF,Joseph Rodriguez,A8B27685,SUITE,U01,2026-06-26,2026-06-28,t,2026-06-14 17:00:00,,,0
3156DD00,Sarah Lewis,B877FE66,SUITE,U01,2026-06-29,2026-06-30,t,2026-06-25 12:00:00,,,0
61A7576D,Cameron Jones,735E0DDE,SUITE,U02,2026-05-31,2026-06-04,t,2026-05-10 18:00:00,,,0
390F681A,Michael Lopez,182EBEF7,SUITE,U02,2026-06-06,2026-06-08,t,2026-06-03 16:00:00,,,0
59CA6224,Barbara Williams,D46AF39B,SUITE,U02,2026-06-10,2026-06-12,t,2026-06-07 12:00:00,,,0
E95E63EA,David Garcia,15A6C680,SUITE,U02,2026-06-12,2026-06-15,t,2026-05-26 17:00:00,,,0
9A8FF2E3,Jordan Martinez,4FD77E52,SUITE,U02,2026-06-16,2026-06-18,t,2026-06-07 21:00:00,,,0
085B09D1,Alex Lee,70448AEA,SUITE,U02,2026-06-19,2026-06-22,t,2026-06-10 12:00:00,,,0
F9E42994,Barbara Ramirez,098F5FA4,SUITE,U02,2026-06-23,2026-06-24,t,2026-06-12 14:00:00,,,0
EFD44809,Charles Wilson,63B70214,SUITE,U02,2026-06-26,2026-06-28,t,2026-06-18 17:00:00,,,0
5134407E,Robert Lee,39CFA3A2,SUITE,U02,2026-06-29,2026-06-30,t,2026-06-18 07:00:00,,,0
AA1DCA89,Sarah White,980F0CC6,SUITE,U03,2026-05-31,2026-06-02,t,2026-05-23 11:00:00,,,0
A837AC0D,Charles Thomas,178AD18E,SUITE,U03,2026-06-02,2026-06-03,t,2026-05-29 16:00:00,,,0
82C34236,Elizabeth Lewis,D734930F,SUITE,U03,2026-06-04,2026-06-07,t,2026-05-14 20:00:00,,,0
AC1A7132,William Lopez,31C81229,SUITE,U03,2026-06-07,2026-06-08,t,2026-05-27 15:00:00,,,0
E4746229,Jessica Jones,C8F061AF,SUITE,U03,2026-06-09,2026-06-10,t,2026-06-02 11:00:00,,,0
659CB99D,Karen Jackson,75CFC07C,SUITE,U03,2026-06-11,2026-06-13,t,2026-06-02 13:00:00,,,0
649F699F,Charles Garcia,AD835760,SUITE,U03,2026-06-13,2026-06-17,t,2026-05-22 13:00:00,,,0
9EBDB753,Barbara Sanchez,57A638CD,SUITE,U03,2026-06-17,2026-06-18,t,2026-06-13 17:00:00,,,0
FCAA6B4E,Jamie Jackson,65AE368B,SUITE,U03,2026-06-19,2026-06-22,t,2026-05-23 19:00:00,,,0
A7CC688B,William Martinez,B02531FC,SUITE,U03,2026-06-23,2026-06-25,t,2026-06-16 09:00:00,,,0
1CD66B5C,David Thompson,3F7E179C,SUITE,U03,2026-06-26,2026-06-28,t,2026-06-25 13:00:00,,,0
7274A821,Sarah Gonzalez,B42ACFBA,SUITE,U04,2026-05-31,2026-06-03,t,2026-05-26 18:00:00,,,0
33834FC0,Jamie Moore,97DADA29,SUITE,U04,2026-06-04,2026-06-06,t,2026-05-30 22:00:00,,,0
DD549840,Avery Lee,B455D53E,SUITE,U04,2026-06-06,2026-06-07,t,2026-06-04 11:00:00,,,0
CBF33E9B,Jennifer Williams,D135F91E,SUITE,U04,2026-06-08,2026-06-09,t,2026-06-06 07:00:00,,,0
8141230E,Jordan White,6CD3D3A6,SUITE,U04,2026-06-10,2026-06-11,t,2026-05-29 07:00:00,,,0
A5448ADF,Susan Jackson,619E201A,SUITE,U04,2026-06-11,2026-06-14,t,2026-05-15 12:00:00,,,0
090AF31F,Robert Clark,35312023,SUITE,U04,2026-06-16,2026-06-17,t,2026-06-05 09:00:00,,,0
2D8F9BCB,Avery Moore,1C8AA03D,SUITE,U04,2026-06-18,2026-06-20,t,2026-06-08 18:00:00,,,0
7F5F11BE,Jordan Johnson,338676B4,SUITE,U04,2026-06-20,2026-06-22,t,2026-06-13 11:00:00,,,0
7F8748A9,Joseph Ramirez,086A560D,SUITE,U04,2026-06-23,2026-06-25,t,2026-06-15 17:00:00,,,0
1C3AD883,Thomas Lewis,196CE677,SUITE,U04,2026-06-25,2026-06-28,t,2026-06-18 08:00:00,,,0
9DB1F10C,John Brown,43E67101,SUITE,U04,2026-06-29,2026-06-30,t,2026-06-25 07:00:00,,,0
0BA078B7,Barbara Rodriguez,AD0180A5,SUITE,U05,2026-05-31,2026-06-01,t,2026-05-26 15:00:00,,,0
C3C2712E,James Perez,8B2975F2,SUITE,U05,2026-06-05,2026-06-06,t,2026-06-03 14:00:00,,,0
A544014F,Cameron Ramirez,F6A2F75D,SUITE,U05,2026-06-07,2026-06-08,t,2026-05-28 07:00:00,,,0
DDA76EA6,William Garcia,C37F186B,SUITE,U05,2026-06-09,2026-06-11,t,2026-06-05 22:00:00,,,0
91B719C0,Susan Davis,BA6BB1E1,SUITE,U05,2026-06-12,2026-06-15,t,2026-06-02 10:00:00,,,0
100CA693,Thomas Martinez,22BC8FA4,SUITE,U05,2026-06-15,2026-06-17,t,2026-06-03 18:00:00,,,0
121B67B0,Charles Lee,FB692DEB,SUITE,U05,2026-06-17,2026-06-18,t,2026-06-08 15:00:00,,,0
E8ABEBB9,Jessica Thompson,FC3F2D03,SUITE,U05,2026-06-19,2026-06-21,t,2026-06-13 17:00:00,,,0
1ACAFE72,Mary Anderson,D1A4760E,SUITE,U05,2026-06-22,2026-06-23,t,2026-06-13 17:00:00,,,0
4068BD3C,James Johnson,5CD5AC18,SUITE,U05,2026-06-25,2026-06-26,t,2026-06-13 18:00:00,,,0
0C2C9D34,Patricia Hernandez,384CAEBC,SUITE,U05,2026-06-27,2026-06-29,t,2026-06-26 08:00:00,,,0
75414EE6,Elizabeth Davis,00B7154C,SUITE,U06,2026-05-31,2026-06-01,t,2026-05-22 18:00:00,,,0
7F866C1E,James Clark,E93D3A71,SUITE,U06,2026-06-03,2026-06-05,t,2026-06-01 15:00:00,,,0
15CA608E,James Ramirez,E2CB5967,SUITE,U06,2026-06-05,2026-06-08,t,2026-05-30 17:00:00,,,0
974230B4,Elizabeth Garcia,8AFD4527,SUITE,U06,2026-06-09,2026-06-12,t,2026-06-02 18:00:00,,,0
E5E13E39,Sarah Lewis,99D47731,SUITE,U06,2026-06-12,2026-06-13,t,2026-06-05 21:00:00,,,0
3D60FD41,Peyton Martin,ED579958,SUITE,U06,2026-06-13,2026-06-14,t,2026-06-04 18:00:00,,,0
122E46FD,Jordan Moore,E4090537,SUITE,U06,2026-06-15,2026-06-16,t,2026-06-14 08:00:00,,,0
DF7D4EC4,Jordan Brown,893CD929,SUITE,U06,2026-06-19,2026-06-20,t,2026-06-18 16:00:00,,,0
FD4B80F7,Mary Thomas,0CE70E86,SUITE,U06,2026-06-21,2026-06-23,t,2026-06-13 12:00:00,,,0
A999FBA4,Jessica Martinez,340C36D8,SUITE,U06,2026-06-25,2026-06-28,t,2026-06-06 08:00:00,,,0
84756DDB,Peyton Lee,02195373,SUITE,U06,2026-06-28,2026-06-29,t,2026-06-19 13:00:00,,,0
BBE8DC44,Riley Sanchez,E78AC2B6,SUITE,U07,2026-05-31,2026-06-01,t,2026-05-23 19:00:00,,,0
FCFA4F83,Jessica Perez,B0631BEA,SUITE,U07,2026-06-02,2026-06-07,t,2026-05-06 18:00:00,,,0
23DF1F3C,Patricia Rodriguez,A15F7995,SUITE,U07,2026-06-07,2026-06-08,t,2026-06-01 14:00:00,,,0
EC2F78D0,Robert Lopez,5CA3F98C,SUITE,U07,2026-06-11,2026-06-14,t,2026-05-22 21:00:00,,,0
05F0D870,Jordan Lewis,A8FC4078,SUITE,U07,2026-06-14,2026-06-15,t,2026-06-10 10:00:00,,,0
DF8FB467,Casey Gonzalez,BC3BCCBD,SUITE,U07,2026-06-17,2026-06-18,t,2026-06-14 20:00:00,,,0
2F4B169A,Richard Thompson,3FC92345,SUITE,U07,2026-06-19,2026-06-21,t,2026-06-10 21:00:00,,,0
CA9A2AB8,Susan Martinez,5435B707,SUITE,U07,2026-06-21,2026-06-22,t,2026-06-10 18:00:00,,,0
750B181A,James Lopez,9E06E6CB,SUITE,U07,2026-06-23,2026-06-25,t,2026-06-13 21:00:00,,,0
59EBEDE7,Elizabeth Lewis,34AA3727,SUITE,U07,2026-06-26,2026-06-28,t,2026-06-21 15:00:00,,,0
62D2CD51,David Ramirez,3E4B2F31,SUITE,U07,2026-06-28,2026-06-29,t,2026-06-16 09:00:00,,,0
60C75438,John Thompson,779E4934,SUITE,U09,2026-05-31,2026-06-01,t,2026-05-24 18:00:00,,,0
3E4B2AC9,Thomas Anderson,B2832BBB,SUITE,U09,2026-06-02,2026-06-03,t,2026-05-24 18:00:00,,,0
AA2BF75A,Susan Lopez,68E4F5D2,SUITE,U09,2026-06-06,2026-06-07,t,2026-05-29 07:00:00,,,0
C37E5DCD,Jamie Martinez,0EE0D032,SUITE,U09,2026-06-09,2026-06-11,t,2026-06-02 22:00:00,,,0
83F3944F,William Miller,9032C0CB,SUITE,U09,2026-06-12,2026-06-15,t,2026-06-07 22:00:00,,,0
5ABCFB0E,Barbara Johnson,9511AAD7,SUITE,U09,2026-06-15,2026-06-17,t,2026-06-14 10:00:00,,,0
3E61D0A7,Thomas Smith,170CBB36,SUITE,U09,2026-06-18,2026-06-21,t,2026-06-07 19:00:00,,,0
F100B8A1,James Wilson,E2F5818F,SUITE,U09,2026-06-21,2026-06-22,t,2026-06-14 09:00:00,,,0
713D9846,John Miller,BEAACA33,SUITE,U09,2026-06-26,2026-06-28,t,2026-06-20 21:00:00,,,0
F700F78D,Barbara Williams,08BD2A86,SUITE,U09,2026-06-28,2026-06-29,t,2026-06-23 07:00:00,,,0
98AEC4E1,Jessica Rodriguez,D4E2DF4E,STANDARD,S02,2026-05-31,2026-06-01,t,2026-05-29 14:00:00,,,0
A11F6182,Taylor Williams,38431B8F,STANDARD,S02,2026-06-03,2026-06-04,t,2026-05-27 17:00:00,,,0
9128466D,Karen Martin,B2445DAD,STANDARD,S02,2026-06-05,2026-06-08,t,2026-05-23 12:00:00,,,0
38077978,Robert Robinson,A23C2C7F,STANDARD,S02,2026-06-08,2026-06-09,t,2026-05-28 09:00:00,,,0
B64A1D34,Susan Harris,2B576661,STANDARD,S02,2026-06-13,2026-06-14,t,2026-06-06 10:00:00,,,0
A5029D3A,Avery Sanchez,E405D591,STANDARD,S02,2026-06-15,2026-06-16,t,2026-06-08 12:00:00,,,0
8629B1E1,Mary Lee,5817E808,STANDARD,S02,2026-06-19,2026-06-21,t,2026-06-15 08:00:00,,,0
55076EC9,Robert Lewis,D10EB961,STANDARD,S02,2026-06-22,2026-06-23,t,2026-06-12 17:00:00,,,0
CA94BC5B,Joseph Jones,A573D460,STANDARD,S02,2026-06-26,2026-06-27,t,2026-06-15 12:00:00,,,0
F805B7F5,Morgan Lee,ECF0F78A,STANDARD,S02,2026-06-28,2026-06-29,t,2026-06-20 14:00:00,,,0
49A0BC56,John Hernandez,58FE2D88,STANDARD,S03,2026-06-04,2026-06-05,t,2026-05-23 09:00:00,,,0
B945D175,Linda Martin,1621016A,STANDARD,S03,2026-06-05,2026-06-08,t,2026-05-08 07:00:00,,,0
1D6768EB,Robert Gonzalez,C2F53607,STANDARD,S03,2026-06-12,2026-06-15,t,2026-05-16 15:00:00,,,0
A7657093,Joseph Brown,E59A0615,STANDARD,S03,2026-06-17,2026-06-18,t,2026-06-15 18:00:00,,,0
5E7F11A5,James Moore,A1A005D4,STANDARD,S03,2026-06-20,2026-06-22,t,2026-06-19 08:00:00,,,0
B516785B,Linda Thompson,0C916646,STANDARD,S03,2026-06-23,2026-06-24,t,2026-06-21 08:00:00,,,0
26210A31,Barbara Anderson,ED2A330B,STANDARD,S03,2026-06-26,2026-06-28,t,2026-06-25 15:00:00,,,0
04FBB521,Taylor Sanchez,DC0BB3F8,STANDARD,S03,2026-06-29,2026-06-30,t,2026-06-28 16:00:00,,,0
46BBFAB9,Linda Gonzalez,64510B43,STANDARD,S05,2026-05-31,2026-06-01,t,2026-05-21 08:00:00,,,0
9A97C7DA,Alex Lewis,2644D123,STANDARD,S05,2026-06-03,2026-06-05,t,2026-05-29 22:00:00,,,0
105B3559,David Harris,F9B7D52F,STANDARD,S05,2026-06-06,2026-06-07,t,2026-05-31 20:00:00,,,0
10A072A4,Jennifer Clark,2CA3626E,STANDARD,S05,2026-06-10,2026-06-11,t,2026-06-06 12:00:00,,,0
0A5912CE,Patricia Thompson,DCAD5F68,STANDARD,S05,2026-06-12,2026-06-14,t,2026-06-09 16:00:00,,,0
29CB2593,Susan Thompson,6C7E36FA,STANDARD,S05,2026-06-16,2026-06-17,t,2026-06-04 22:00:00,,,0
8EF9BAF5,Susan Lewis,7AA454F6,STANDARD,S05,2026-06-18,2026-06-21,t,2026-06-06 12:00:00,,,0
31B5A726,Avery Lewis,CDC4A367,STANDARD,S05,2026-06-22,2026-06-23,t,2026-06-15 07:00:00,,,0
1FACEF08,Barbara Sanchez,FB1B399F,STANDARD,S05,2026-06-25,2026-06-26,t,2026-06-21 08:00:00,,,0
F77DB266,Jennifer Davis,99B6E081,STANDARD,S05,2026-06-26,2026-06-27,t,2026-06-25 18:00:00,,,0
F93A3A29,Riley Moore,21B56637,STANDARD,S05,2026-06-28,2026-06-29,t,2026-06-19 21:00:00,,,0
ABC50E53,John Lewis,AEBF2A38,STANDARD,S06,2026-05-31,2026-06-01,t,2026-05-24 09:00:00,,,0
91B40AC1,Morgan Ramirez,D0C95AED,STANDARD,S06,2026-06-03,2026-06-05,t,2026-06-02 20:00:00,,,0
636C9C33,David Miller,232A3309,STANDARD,S06,2026-06-05,2026-06-06,t,2026-05-25 16:00:00,,,0
C679F00F,Alex Jackson,A185B1E8,STANDARD,S06,2026-06-07,2026-06-08,t,2026-06-02 11:00:00,,,0
0B93F28B,Alex Jackson,3E8BE6FB,STANDARD,S06,2026-06-09,2026-06-11,t,2026-06-04 15:00:00,,,0
DB93CFA4,Barbara Moore,73F4D42C,STANDARD,S06,2026-06-12,2026-06-13,t,2026-06-01 18:00:00,,,0
B04DEC36,Mary Jones,8D8841E3,STANDARD,S06,2026-06-16,2026-06-17,t,2026-06-12 21:00:00,,,0
782B4B39,Richard Miller,BE1C2538,STANDARD,S06,2026-06-19,2026-06-20,t,2026-06-15 17:00:00,,,0
DF3AAC55,Sarah Martinez,1EB8135E,STANDARD,S06,2026-06-25,2026-06-28,t,2026-05-26 12:00:00,,,0
B1B07EB6,David Rodriguez,E0DEF8D0,STANDARD,S06,2026-06-29,2026-06-30,t,2026-06-25 09:00:00,,,0
DD5AC5BD,Alex Wilson,02C87235,STANDARD,S07,2026-05-31,2026-06-01,t,2026-05-24 19:00:00,,,0
B806B2A3,Sarah Taylor,B303F63C,STANDARD,S07,2026-06-04,2026-06-06,t,2026-05-30 08:00:00,,,0
B5676388,Jordan White,E15C7793,STANDARD,S07,2026-06-07,2026-06-09,t,2026-06-02 19:00:00,,,0
228B026D,Jordan Smith,D773A05F,STANDARD,S07,2026-06-12,2026-06-16,t,2026-06-07 14:00:00,,,0
A5F82C44,Richard Jackson,727B0408,STANDARD,S07,2026-06-16,2026-06-18,t,2026-06-11 12:00:00,,,0
3F9DAB1F,Peyton Anderson,1D0F8F77,STANDARD,S07,2026-06-19,2026-06-22,t,2026-06-11 17:00:00,,,0
DE273A3B,Alex Jones,9BB5C51E,STANDARD,S07,2026-06-23,2026-06-25,t,2026-06-12 08:00:00,,,0
013248D8,Sarah Rodriguez,0B801C79,STANDARD,S07,2026-06-26,2026-06-30,t,2026-06-17 19:00:00,,,0
3BC5E5D9,Thomas Miller,FED39B40,STANDARD,S09,2026-05-31,2026-06-02,t,2026-05-29 18:00:00,,,0
C320F67B,Thomas Miller,D1458A1D,STANDARD,S09,2026-06-05,2026-06-07,t,2026-05-24 09:00:00,,,0
2FF0118E,Alex Miller,C49A02DD,STANDARD,S09,2026-06-07,2026-06-09,t,2026-05-27 17:00:00,,,0
5F0C8E4F,Michael Gonzalez,4B765764,STANDARD,S09,2026-06-10,2026-06-12,t,2026-06-06 18:00:00,,,0
ACA6B860,Thomas Perez,4B2A22C3,STANDARD,S09,2026-06-13,2026-06-15,t,2026-06-04 19:00:00,,,0
9DC6D681,Robert Moore,DF53C183,STANDARD,S09,2026-06-16,2026-06-17,t,2026-06-06 15:00:00,,,0
D2454871,Mary Jackson,73129883,STANDARD,S09,2026-06-20,2026-06-22,t,2026-06-09 15:00:00,,,0
A9F4D168,William Garcia,6213DA8E,STANDARD,S09,2026-06-25,2026-06-28,t,2026-06-14 21:00:00,,,0
CAC24EFA,Patricia Miller,B3214B2C,STANDARD,S09,2026-06-28,2026-06-30,t,2026-06-26 20:00:00,,,0
6BC2EC11,Patricia Hernandez,919B95D2,DELUXE,D04,2026-06-01,2026-06-02,t,2026-05-20 10:00:00,,,0
E71752E3,Richard Thomas,BEEC0C6B,DELUXE,D04,2026-06-04,2026-06-07,t,2026-05-12 12:00:00,,,0
D7F480B2,Mary Taylor,CE803CB5,DELUXE,D04,2026-06-10,2026-06-15,t,2026-05-19 20:00:00,,,0
AF2F4680,Patricia Williams,0C02DB14,DELUXE,D04,2026-06-15,2026-06-16,t,2026-06-07 18:00:00,,,0
F3832197,Sarah Gonzalez,3FF31440,DELUXE,D04,2026-06-17,2026-06-19,t,2026-06-11 09:00:00,,,0
9B88590C,Jamie Martin,BBBBBB00,DELUXE,D04,2026-06-19,2026-06-22,t,2026-06-02 09:00:00,,,0
5C8C654A,Barbara Wilson,4EC6B3D2,DELUXE,D04,2026-06-22,2026-06-24,t,2026-06-17 22:00:00,,,0
D5613AAF,Jennifer Jones,5473D79D,DELUXE,D04,2026-06-25,2026-06-29,t,2026-06-11 16:00:00,,,0
1B028986,Peyton Smith,FF8005FE,DELUXE,D05,2026-06-01,2026-06-04,t,2026-05-13 09:00:00,,,0
97BE2870,Sarah Garcia,B986A8D0,DELUXE,D05,2026-06-06,2026-06-08,t,2026-05-27 18:00:00,,,0
378A99CF,Jessica Sanchez,6C3036E4,DELUXE,D05,2026-06-09,2026-06-11,t,2026-06-04 14:00:00,,,0
082EDF5F,Karen Williams,4CF3A19E,DELUXE,D05,2026-06-12,2026-06-15,t,2026-05-24 07:00:00,,,0
038A5E92,Peyton Rodriguez,3A1182E4,DELUXE,D05,2026-06-17,2026-06-18,t,2026-06-14 13:00:00,,,0
2013A647,Patricia Hernandez,C1FB85D0,DELUXE,D05,2026-06-19,2026-06-21,t,2026-06-10 16:00:00,,,0
4DC27C55,Taylor Sanchez,8FBB0B85,DELUXE,D05,2026-06-26,2026-06-28,t,2026-06-21 09:00:00,,,0
4F8F30ED,John Miller,F43F9E47,DELUXE,D06,2026-06-01,2026-06-02,t,2026-05-29 11:00:00,,,0
2D6AF552,Alex Martinez,ADA4881E,DELUXE,D06,2026-06-04,2026-06-08,t,2026-05-23 12:00:00,,,0
33C43E71,Alex Davis,E5789E3A,DELUXE,D06,2026-06-10,2026-06-12,t,2026-05-29 10:00:00,,,0
7A6022BC,William Johnson,FE4E3425,DELUXE,D06,2026-06-12,2026-06-14,t,2026-06-02 13:00:00,,,0
9C3F3DD7,Linda Ramirez,48CD32A9,DELUXE,D06,2026-06-19,2026-06-22,t,2026-06-13 14:00:00,,,0
B46980E5,Riley Williams,FCD700E2,DELUXE,D06,2026-06-23,2026-06-24,t,2026-06-16 16:00:00,,,0
7A0C7B70,Peyton Harris,08207F5D,DELUXE,D06,2026-06-25,2026-06-26,t,2026-06-24 10:00:00,,,0
61B99442,Robert Martinez,59837455,DELUXE,D06,2026-06-27,2026-06-29,t,2026-06-25 16:00:00,,,0
1452B849,Richard Thompson,80E699E6,SUITE,U08,2026-06-01,2026-06-03,t,2026-05-28 22:00:00,,,0
A3EACF50,Charles Brown,A7C24856,SUITE,U08,2026-06-05,2026-06-06,t,2026-05-25 14:00:00,,,0
179C8A4C,Jessica Harris,472FAE7E,SUITE,U08,2026-06-06,2026-06-08,t,2026-06-01 11:00:00,,,0
69844A2C,James Lewis,767A14C7,SUITE,U08,2026-06-11,2026-06-14,t,2026-05-15 20:00:00,,,0
1EAFB84C,Michael Robinson,937CC357,SUITE,U08,2026-06-14,2026-06-17,t,2026-05-28 18:00:00,,,0
96F37C26,Mary Lewis,007E4C24,SUITE,U08,2026-06-19,2026-06-21,t,2026-06-16 19:00:00,,,0
10132274,Karen Jackson,FC44B52D,SUITE,U08,2026-06-23,2026-06-24,t,2026-06-15 16:00:00,,,0
D93F855F,Mary Garcia,79A7F6CC,SUITE,U08,2026-06-24,2026-06-27,t,2026-05-25 11:00:00,,,0
1F6FD3AD,Taylor Taylor,50276E48,SUITE,U08,2026-06-27,2026-06-29,t,2026-06-16 09:00:00,,,0
36FFEA1A,Jessica Anderson,02C0905B,SUITE,U10,2026-06-01,2026-06-02,t,2026-05-23 07:00:00,,,0
61979D81,Taylor Martin,21944CC6,SUITE,U10,2026-06-03,2026-06-06,t,2026-05-23 16:00:00,,,0
9E808302,William Williams,798EBFFF,SUITE,U10,2026-06-06,2026-06-07,t,2026-05-26 15:00:00,,,0
747E147D,Casey Thomas,9D59E0C8,SUITE,U10,2026-06-08,2026-06-09,t,2026-05-28 19:00:00,,,0
3025D27E,William Johnson,38379919,SUITE,U10,2026-06-10,2026-06-11,t,2026-06-02 08:00:00,,,0
2E653C1E,Sarah Perez,98F02663,SUITE,U10,2026-06-11,2026-06-14,t,2026-05-16 15:00:00,,,0
CDFB9C7A,Taylor Smith,2214EB24,SUITE,U10,2026-06-14,2026-06-15,t,2026-06-11 17:00:00,,,0
61DDC91D,James Moore,65CC6A9B,SUITE,U10,2026-06-18,2026-06-20,t,2026-06-10 10:00:00,,,0
B83549E1,Robert Lewis,BA230251,SUITE,U10,2026-06-20,2026-06-21,t,2026-06-11 09:00:00,,,0
7BCE0FF2,Joseph Rodriguez,0128791C,SUITE,U10,2026-06-23,2026-06-26,t,2026-05-31 08:00:00,,,0
7F30507B,Sarah White,0643B30C,SUITE,U10,2026-06-26,2026-06-29,t,2026-06-11 20:00:00,,,0
A7A50C3A,Susan Harris,30CCD58C,STANDARD,S01,2026-06-01,2026-06-02,t,2026-05-21 12:00:00,,,0
8C6B7ACA,Richard Rodriguez,AB7AE35D,STANDARD,S01,2026-06-05,2026-06-07,t,2026-05-30 09:00:00,,,0
F7EDDBD8,Richard Ramirez,F69839C9,STANDARD,S01,2026-06-07,2026-06-08,t,2026-05-27 15:00:00,,,0
DB8647A8,Jordan Lewis,473818A3,STANDARD,S01,2026-06-10,2026-06-11,t,2026-05-29 09:00:00,,,0
DA2E440E,William Martin,86B3CABC,STANDARD,S01,2026-06-12,2026-06-14,t,2026-06-02 18:00:00,,,0
616CA5E1,Thomas Harris,690D6F07,STANDARD,S01,2026-06-15,2026-06-16,t,2026-06-03 10:00:00,,,0
88F3275E,John Garcia,AE2C2F69,STANDARD,S01,2026-06-17,2026-06-21,t,2026-05-24 20:00:00,,,0
91DCFE55,Sarah Lewis,0DED127A,STANDARD,S01,2026-06-23,2026-06-25,t,2026-06-11 21:00:00,,,0
87B62668,Linda Wilson,67502626,STANDARD,S01,2026-06-25,2026-06-27,t,2026-06-16 08:00:00,,,0
B3CED8A6,Patricia Moore,30CDD46A,STANDARD,S01,2026-06-27,2026-06-29,t,2026-06-24 13:00:00,,,0
255A2B76,Jamie Taylor,2C90D48B,STANDARD,S08,2026-06-01,2026-06-04,t,2026-05-25 13:00:00,,,0
74CBF43D,Karen Jones,DD0EF972,STANDARD,S08,2026-06-05,2026-06-07,t,2026-05-29 15:00:00,,,0
A8CC6E77,David Thompson,DBD636A6,STANDARD,S08,2026-06-12,2026-06-14,t,2026-05-31 15:00:00,,,0
E9B0BEAD,Susan Robinson,F772766F,STANDARD,S08,2026-06-14,2026-06-17,t,2026-05-21 09:00:00,,,0
0D4CE6A1,John Smith,07DBF137,STANDARD,S08,2026-06-19,2026-06-22,t,2026-05-27 18:00:00,,,0
8CF6C3D4,Linda Sanchez,AFC933EA,STANDARD,S08,2026-06-22,2026-06-23,t,2026-06-20 21:00:00,,,0
AB8FF040,Jordan Moore,15211803,STANDARD,S08,2026-06-25,2026-06-27,t,2026-06-24 07:00:00,,,0
F5715D8E,Thomas Davis,386D7921,STANDARD,S10,2026-06-01,2026-06-04,t,2026-05-10 14:00:00,,,0
A15388E8,David Wilson,141451E6,STANDARD,S10,2026-06-06,2026-06-08,t,2026-05-26 20:00:00,,,0
D1646A73,William Anderson,B169B535,STANDARD,S10,2026-06-12,2026-06-14,t,2026-06-02 20:00:00,,,0
4E941E28,Peyton Perez,9A6B61C2,STANDARD,S10,2026-06-14,2026-06-16,t,2026-06-02 11:00:00,,,0
1DCC8335,Robert Hernandez,536864C4,STANDARD,S10,2026-06-19,2026-06-20,t,2026-06-09 19:00:00,,,0
D7850435,Thomas Lee,B776701E,STANDARD,S10,2026-06-21,2026-06-24,t,2026-06-06 09:00:00,,,0
DA47B362,Morgan Rodriguez,213BE332,STANDARD,S10,2026-06-25,2026-06-30,t,2026-05-02 14:00:00,,,0
AF26509A,John White,59B0E87B,STANDARD,S04,2026-06-02,2026-06-03,t,2026-05-23 09:00:00,,,0
3313E1B6,Jennifer Gonzalez,EDE51F58,STANDARD,S04,2026-06-04,2026-06-05,t,2026-05-28 18:00:00,,,0
DB8A10C7,Linda Miller,1B8DAFA2,STANDARD,S04,2026-06-06,2026-06-08,t,2026-05-27 08:00:00,,,0
FA7006B0,Richard Davis,70FED354,STANDARD,S04,2026-06-09,2026-06-10,t,2026-06-08 15:00:00,,,0
B7EADA33,David Clark,B72D1E9C,STANDARD,S04,2026-06-12,2026-06-14,t,2026-05-31 08:00:00,,,0
1F43939F,Jamie Johnson,7FB8A20C,STANDARD,S04,2026-06-14,2026-06-18,t,2026-05-20 15:00:00,,,0
C3BEE27B,John Wilson,8A34CDBA,STANDARD,S04,2026-06-18,2026-06-20,t,2026-06-15 19:00:00,,,0
F4FD3737,Michael Clark,4C09CAF0,STANDARD,S04,2026-06-20,2026-06-21,t,2026-06-13 15:00:00,,,0
9DEEF86F,Patricia White,9C604D6F,STANDARD,S04,2026-06-25,2026-06-28,t,2026-06-18 22:00:00,,,0
4699C31B,James Johnson,2B8263F8,STANDARD,S04,2026-06-28,2026-06-29,t,2026-06-17 07:00:00,,,0
05D05D6D,Michael Rodriguez,EE82E6BE,DELUXE,D01,2026-05-30,2026-05-31,t,2026-05-28 10:00:00,,,0
CB66539B,Cameron Jackson,FBFC82B3,DELUXE,D02,2026-05-30,2026-05-31,t,2026-05-18 18:00:00,,,0
CB0AD3A5,William White,8CEE1987,DELUXE,D03,2026-05-30,2026-05-31,t,2026-05-24 14:00:00,,,0
970C9BF4,Alex Brown,7D791836,DELUXE,D04,2026-05-30,2026-05-31,t,2026-05-21 14:00:00,,,0
038C2451,Linda Lewis,FF0484E0,DELUXE,D05,2026-05-30,2026-05-31,t,2026-05-22 12:00:00,,,0
CB00B060,David Rodriguez,7D0DF42B,DELUXE,D06,2026-05-30,2026-05-31,t,2026-05-26 08:00:00,,,0
11FA5F08,Taylor Williams,F75866B3,DELUXE,D07,2026-05-30,2026-05-31,t,2026-05-23 20:00:00,,,0
E3F83B66,Elizabeth Anderson,EC31D20A,DELUXE,D08,2026-05-30,2026-05-31,t,2026-05-21 19:00:00,,,0
03CD647A,Jamie Robinson,5957EA34,DELUXE,D09,2026-05-30,2026-05-31,t,2026-05-25 19:00:00,,,0
4E82D359,Thomas Johnson,33D313A0,DELUXE,D10,2026-05-30,2026-05-31,t,2026-05-24 09:00:00,,,0
4EA3D97A,Elizabeth Harris,5114B479,SUITE,U01,2026-05-30,2026-05-31,t,2026-05-19 16:00:00,,,0
E70805F5,Thomas Moore,DA903D3A,SUITE,U02,2026-05-30,2026-05-31,t,2026-05-20 20:00:00,,,0
72D34EBF,Jordan Johnson,06B17FA3,SUITE,U03,2026-05-30,2026-05-31,t,2026-05-29 18:00:00,,,0
8871766E,Riley Thomas,CD281DFC,SUITE,U04,2026-05-30,2026-05-31,t,2026-05-29 15:00:00,,,0
D7DDD77F,Casey Smith,3CDEFE4D,SUITE,U05,2026-05-30,2026-05-31,t,2026-05-24 09:00:00,,,0
39D8F58C,Morgan Miller,9DFEFB31,SUITE,U06,2026-05-30,2026-05-31,t,2026-05-24 10:00:00,,,0
37313224,James White,ED4E8619,SUITE,U07,2026-05-30,2026-05-31,t,2026-05-28 15:00:00,,,0
035F7414,Charles Thomas,2ABEFF12,SUITE,U08,2026-05-30,2026-05-31,t,2026-05-20 14:00:00,,,0
BB5BA649,William Williams,3E41F1AC,SUITE,U09,2026-05-30,2026-05-31,t,2026-05-27 14:00:00,,,0
00916223,David Smith,C59B706F,SUITE,U10,2026-05-30,2026-05-31,t,2026-05-22 21:00:00,,,0
15CD0FB6,Mary Wilson,9945D111,STANDARD,S01,2026-05-30,2026-05-31,t,2026-05-28 10:00:00,,,0
1AE42FE6,Robert Anderson,145F41BD,STANDARD,S02,2026-05-30,2026-05-31,t,2026-05-26 22:00:00,,,0
4CEC9073,William Hernandez,D4B91590,STANDARD,S03,2026-05-30,2026-05-31,t,2026-05-18 14:00:00,,,0
27FD4143,Elizabeth Johnson,5DB86CD9,STANDARD,S05,2026-05-30,2026-05-31,t,2026-05-29 20:00:00,,,0
3FADBF36,Alex Sanchez,2C5F4E58,STANDARD,S06,2026-05-30,2026-05-31,t,2026-05-19 17:00:00,,,0
29F66722,Mary Thompson,E4438FA7,STANDARD,S07,2026-05-30,2026-05-31,t,2026-05-27 09:00:00,,,0
BF2EFA56,Mary Davis,8570B010,STANDARD,S08,2026-05-30,2026-05-31,t,2026-05-24 13:00:00,,,0
7AB15A32,Elizabeth Wilson,0563E21C,STANDARD,S09,2026-05-30,2026-05-31,t,2026-05-21 13:00:00,,,0
7CE55004,Avery Jackson,EFB62C41,STANDARD,S10,2026-05-30,2026-05-31,t,2026-05-23 18:00:00,,,0
A23971AC,Linda Thomas,93FEBB51,DELUXE,D01,2025-05-31,2025-06-01,t,2025-05-21 17:00:00,,,0
36C028BA,Alex Wilson,AA6C30C3,DELUXE,D02,2025-05-31,2025-06-01,t,2025-05-22 14:00:00,,,0
3C75F717,Susan Miller,5BE4C1B5,DELUXE,D03,2025-05-31,2025-06-01,t,2025-05-19 12:00:00,,,0
C46DF50B,Thomas Jackson,9C580742,DELUXE,D04,2025-05-31,2025-06-01,t,2025-05-27 11:00:00,,,0
389C694C,Michael Wilson,9CAFEA1A,DELUXE,D05,2025-05-31,2025-06-01,t,2025-05-21 10:00:00,,,0
74DBA023,Peyton Anderson,8DAF1F04,DELUXE,D06,2025-05-31,2025-06-01,t,2025-05-23 18:00:00,,,0
3BCDACB4,Barbara Garcia,EE4DEBCF,DELUXE,D07,2025-05-31,2025-06-01,t,2025-05-24 07:00:00,,,0
3E684093,Sarah Hernandez,77F649B0,DELUXE,D08,2025-05-31,2025-06-01,t,2025-05-19 14:00:00,,,0
35BCF331,Charles Davis,36DB11E2,DELUXE,D09,2025-05-31,2025-06-01,t,2025-05-24 16:00:00,,,0
B026BEBC,Cameron Lee,2D3160C7,DELUXE,D10,2025-05-31,2025-06-01,t,2025-05-19 16:00:00,,,0
96C98256,Peyton Anderson,CAA0BE73,SUITE,U01,2025-05-31,2025-06-01,t,2025-05-19 10:00:00,,,0
BB761392,James Hernandez,6AF6F1FC,SUITE,U02,2025-05-31,2025-06-01,t,2025-05-21 16:00:00,,,0
CDA67F40,Casey Martin,944DA2D9,SUITE,U03,2025-05-31,2025-06-01,t,2025-05-28 11:00:00,,,0
0AF3C1AB,Elizabeth Perez,0CA34380,SUITE,U04,2025-05-31,2025-06-01,t,2025-05-26 17:00:00,,,0
300743A4,Barbara Davis,3C84F627,SUITE,U05,2025-05-31,2025-06-01,t,2025-05-20 11:00:00,,,0
A8773DD3,Karen Moore,AA7E52A4,SUITE,U06,2025-05-31,2025-06-01,t,2025-05-23 18:00:00,,,0
809BC177,Charles Thompson,5464C0C8,SUITE,U07,2025-05-31,2025-06-01,t,2025-05-24 10:00:00,,,0
A5FA4C78,Karen Garcia,7A5995FC,SUITE,U08,2025-05-31,2025-06-01,t,2025-05-29 13:00:00,,,0
3D53B8BF,Michael White,B16C9AAB,SUITE,U09,2025-05-31,2025-06-01,t,2025-05-28 15:00:00,,,0
1AA48BA9,Alex Jones,E9FDFF54,SUITE,U10,2025-05-31,2025-06-01,t,2025-05-26 13:00:00,,,0
0A417E63,Michael Thompson,C3074F51,STANDARD,S01,2025-05-31,2025-06-01,t,2025-05-27 20:00:00,,,0
55E8EF73,Jennifer Martinez,4EA83E12,STANDARD,S02,2025-05-31,2025-06-01,t,2025-05-21 10:00:00,,,0
8B8541F1,Karen Gonzalez,7B698692,STANDARD,S03,2025-05-31,2025-06-01,t,2025-05-25 14:00:00,,,0
6BEAA7C3,Michael Lopez,6A4B9B3C,STANDARD,S05,2025-05-31,2025-06-01,t,2025-05-25 17:00:00,,,0
DE82B3B9,Elizabeth Robinson,773AEE3E,STANDARD,S06,2025-05-31,2025-06-01,t,2025-05-26 19:00:00,,,0
A9ABB5FE,Jamie Davis,CCAEF9D2,STANDARD,S07,2025-05-31,2025-06-01,t,2025-05-28 18:00:00,,,0
ED6ED934,Barbara Jones,FDAA7ABA,STANDARD,S08,2025-05-31,2025-06-01,t,2025-05-27 08:00:00,,,0
BC127042,William Rodriguez,010FAB36,STANDARD,S09,2025-05-31,2025-06-01,t,2025-05-24 11:00:00,,,0
B5D9B58E,David Lee,62478AF8,STANDARD,S10,2025-05-31,2025-06-01,t,2025-05-29 15:00:00,,,0
A95861AB,Morgan Ramirez,B8A0AD3E,ECONOMY,E11,2026-05-30,2026-05-31,t,2026-05-22 13:00:00,,,0
C5CB798D,Jordan Davis,81BC8F87,ECONOMY,E11,2025-05-31,2025-06-01,t,2025-05-20 14:00:00,,,0
722E8F06,Susan Lopez,D60E5E72,ECONOMY,E12,2026-05-30,2026-05-31,t,2026-05-29 12:00:00,,,0
EA73F4F4,Susan Rodriguez,9C25E21F,ECONOMY,E12,2025-05-31,2025-06-01,t,2025-05-29 18:00:00,,,0
24838C23,Charles Brown,8447B151,ECONOMY,E13,2026-05-30,2026-05-31,t,2026-05-22 11:00:00,,,0
93AEF12A,Avery Jackson,7AE9413E,ECONOMY,E13,2025-05-31,2025-06-01,t,2025-05-21 17:00:00,,,0
EA3431C4,William Brown,1E6C10C1,ECONOMY,E14,2026-05-30,2026-05-31,t,2026-05-21 14:00:00,,,0
05D228D0,Avery Jones,9D48C716,ECONOMY,E14,2025-05-31,2025-06-01,t,2025-05-20 14:00:00,,,0
4E7C85BB,Barbara Wilson,EC7E4FBB,ECONOMY,E08,2026-05-30,2026-05-31,t,2026-05-24 09:00:00,,,0
B68D2BC7,William Lee,DA2BC545,ECONOMY,E08,2025-05-31,2025-06-01,t,2025-05-27 18:00:00,,,0
91BFD14B,David Robinson,BE9514FF,ECONOMY,E09,2026-05-30,2026-05-31,t,2026-05-18 15:00:00,,,0
79DEBFF4,Joseph Rodriguez,CD3A815F,ECONOMY,E09,2025-05-31,2025-06-01,t,2025-05-20 08:00:00,,,0
