id,category,date,recommended_action,current_rate,recommended_rate,change_pct,confidence,reasoning,weather_factor,event_factor,news_factor,is_orphan,occupancy_pct,otb,floor_rate,computed_at
ECONOMY_2026-06-04,ECONOMY,2026-06-04,INCREASE,1517.14,1550,2.2,HIGH,ECONOMY occupancy at 86% — strong on-books demand supports rate increase.,"","",Convention calendar: Citywide conference week - Compression nights expected. Mai,f,85.7,6,0,2026-05-31 01:48:15.108339
ECONOMY_2026-06-05,ECONOMY,2026-06-05,INCREASE,1527.14,1550,1.5,HIGH,ECONOMY occupancy at 86% — strong on-books demand supports rate increase.,"","",Convention calendar: Citywide conference week - Compression nights expected. Mai,f,85.7,6,0,2026-05-31 01:48:15.108359
ECONOMY_2026-06-06,ECONOMY,2026-06-06,INCREASE,1524.29,1525,0,MEDIUM,ECONOMY occupancy at 71% — strong on-books demand supports rate increase.,"","",Convention calendar: Citywide conference week - Compression nights expected. Mai,f,71.4,5,0,2026-05-31 01:48:15.108368
ECONOMY_2026-06-09,ECONOMY,2026-06-09,DISCOUNT,1470,1470,0,MEDIUM,Convention calendar: Citywide conference week - Compression nights expected. Maintain price floor; discount only strande — rate adjustment warranted.,"","",Convention calendar: Citywide conference week - Compression nights expected. Mai,f,57.1,4,0,2026-05-31 01:48:15.108375
ECONOMY_2026-06-10,ECONOMY,2026-06-10,DISCOUNT,1474.29,1475,0,MEDIUM,Convention calendar: Citywide conference week - Compression nights expected. Maintain price floor; discount only strande — rate adjustment warranted.,"","",Convention calendar: Citywide conference week - Compression nights expected. Mai,f,57.1,4,0,2026-05-31 01:48:15.108382
ECONOMY_2026-06-13,ECONOMY,2026-06-13,INCREASE,1457.14,1525,4.7,HIGH,ECONOMY occupancy at 86% — strong on-books demand supports rate increase.,"","",Convention calendar: Citywide conference week - Compression nights expected. Mai,f,85.7,6,0,2026-05-31 01:48:15.108388
STANDARD_2026-05-31,STANDARD,2026-05-31,INCREASE,2783,2830,1.7,MEDIUM,"STANDARD date-aware demand signal: Weather: Severe thunderstorms forecast (48h), O'Hare Airport: 50+ Flight Cancellations Due to Weather — rate adjustment warranted.","","",Convention calendar: Citywide conference week - Compression nights expected. Mai,f,60,6,0,2026-05-31 01:48:15.108396
STANDARD_2026-06-02,STANDARD,2026-06-02,DISCOUNT,2777,2775,-0.1,LOW,STANDARD occupancy at 30% — rate support needed to drive advance bookings.,"","",Convention calendar: Citywide conference week - Compression nights expected. Mai,f,30,3,0,2026-05-31 01:48:15.108403
STANDARD_2026-06-05,STANDARD,2026-06-05,INCREASE,2751,2830,2.9,HIGH,STANDARD occupancy at 70% — strong on-books demand supports rate increase.,"","",Convention calendar: Citywide conference week - Compression nights expected. Mai,f,70,7,0,2026-05-31 01:48:15.108409
STANDARD_2026-06-06,STANDARD,2026-06-06,INCREASE,2756,2840,3,HIGH,STANDARD occupancy at 80% — strong on-books demand supports rate increase.,"","",Convention calendar: Citywide conference week - Compression nights expected. Mai,f,80,8,0,2026-05-31 01:48:15.108415
STANDARD_2026-06-07,STANDARD,2026-06-07,INCREASE,2781,2840,2.1,HIGH,STANDARD occupancy at 80% — strong on-books demand supports rate increase.,"","",Convention calendar: Citywide conference week - Compression nights expected. Mai,f,80,8,0,2026-05-31 01:48:15.108421
STANDARD_2026-06-08,STANDARD,2026-06-08,DISCOUNT,2804,2775,-1,LOW,STANDARD occupancy at 30% — rate support needed to drive advance bookings.,"","",Convention calendar: Citywide conference week - Compression nights expected. Mai,f,30,3,0,2026-05-31 01:48:15.108427
STANDARD_2026-06-09,STANDARD,2026-06-09,DISCOUNT,2836,2775,-2.2,LOW,STANDARD occupancy at 20% — rate support needed to drive advance bookings.,"","",Convention calendar: Citywide conference week - Compression nights expected. Mai,f,20,2,0,2026-05-31 01:48:15.108433
STANDARD_2026-06-11,STANDARD,2026-06-11,DISCOUNT,2794,2775,-0.7,LOW,STANDARD occupancy at 10% — rate support needed to drive advance bookings.,"","",Convention calendar: Citywide conference week - Compression nights expected. Mai,f,10,1,0,2026-05-31 01:48:15.10844
STANDARD_2026-06-12,STANDARD,2026-06-12,INCREASE,2790,2840,1.8,HIGH,STANDARD occupancy at 80% — strong on-books demand supports rate increase.,"","",Convention calendar: Citywide conference week - Compression nights expected. Mai,f,80,8,0,2026-05-31 01:48:15.108447
STANDARD_2026-06-13,STANDARD,2026-06-13,INCREASE,2766,2850,3,HIGH,STANDARD occupancy at 90% — strong on-books demand supports rate increase.,"","",Convention calendar: Citywide conference week - Compression nights expected. Mai,f,90,9,0,2026-05-31 01:48:15.108453
DELUXE_2026-05-31,DELUXE,2026-05-31,INCREASE,5464,5700,4.3,HIGH,DELUXE occupancy at 70% — strong on-books demand supports rate increase.,"","",Convention calendar: Citywide conference week - Compression nights expected. Mai,f,70,7,0,2026-05-31 01:48:15.108461
DELUXE_2026-06-01,DELUXE,2026-06-01,INCREASE,5462,5700,4.4,HIGH,DELUXE occupancy at 70% — strong on-books demand supports rate increase.,"","",Convention calendar: Citywide conference week - Compression nights expected. Mai,f,70,7,0,2026-05-31 01:48:15.108467
DELUXE_2026-06-02,DELUXE,2026-06-02,INCREASE,5465,5650,3.4,MEDIUM,"DELUXE date-aware demand signal: Convention calendar: Citywide conference week, Weather: Severe thunderstorms forecast (48h) — rate adjustment warranted.","","",Convention calendar: Citywide conference week - Compression nights expected. Mai,f,60,6,0,2026-05-31 01:48:15.108473
DELUXE_2026-06-03,DELUXE,2026-06-03,DISCOUNT,5528,5400,-2.3,MEDIUM,DELUXE date-aware demand signal: Convention calendar: Citywide conference week — rate adjustment warranted.,"","",Convention calendar: Citywide conference week - Compression nights expected. Mai,f,40,4,0,2026-05-31 01:48:15.10848
DELUXE_2026-06-04,DELUXE,2026-06-04,INCREASE,5517,5750,4.2,HIGH,DELUXE occupancy at 80% — strong on-books demand supports rate increase.,"","",Convention calendar: Citywide conference week - Compression nights expected. Mai,f,80,8,0,2026-05-31 01:48:15.108486
DELUXE_2026-06-05,DELUXE,2026-06-05,INCREASE,5544,5650,1.9,MEDIUM,DELUXE date-aware demand signal: Convention calendar: Citywide conference week — rate adjustment warranted.,"","",Convention calendar: Citywide conference week - Compression nights expected. Mai,f,60,6,0,2026-05-31 01:48:15.108491
DELUXE_2026-06-06,DELUXE,2026-06-06,INCREASE,5617,5800,3.3,HIGH,DELUXE occupancy at 90% — strong on-books demand supports rate increase.,"","",Convention calendar: Citywide conference week - Compression nights expected. Mai,f,90,9,0,2026-05-31 01:48:15.108498
DELUXE_2026-06-07,DELUXE,2026-06-07,INCREASE,5661,5700,0.7,LOW,Convention calendar: Citywide conference week - Compression nights expected. Maintain price floor; discount only strande — rate adjustment warranted.,"","",Convention calendar: Citywide conference week - Compression nights expected. Mai,f,60,6,0,2026-05-31 01:48:15.108504
DELUXE_2026-06-09,DELUXE,2026-06-09,DISCOUNT,5593,5400,-3.5,MEDIUM,DELUXE occupancy at 20% — rate support needed to drive advance bookings.,"","",Convention calendar: Citywide conference week - Compression nights expected. Mai,f,20,2,0,2026-05-31 01:48:15.108511
DELUXE_2026-06-14,DELUXE,2026-06-14,DISCOUNT,5503,5450,-1,LOW,Convention calendar: Citywide conference week - Compression nights expected. Maintain price floor; discount only strande — rate adjustment warranted.,"","",Convention calendar: Citywide conference week - Compression nights expected. Mai,f,50,5,0,2026-05-31 01:48:15.108518
SUITE_2026-05-31,SUITE,2026-05-31,INCREASE,9750,10000,2.6,HIGH,SUITE occupancy at 80% — strong on-books demand supports rate increase.,"","",Convention calendar: Citywide conference week - Compression nights expected. Mai,f,80,8,0,2026-05-31 01:48:15.108525
SUITE_2026-06-01,SUITE,2026-06-01,INCREASE,9923,10000,0.8,MEDIUM,"SUITE date-aware demand signal: Convention calendar: Citywide conference week, Weather: Severe thunderstorms forecast (48h) — rate adjustment warranted.","","",Convention calendar: Citywide conference week - Compression nights expected. Mai,f,60,6,0,2026-05-31 01:48:15.108532
SUITE_2026-06-02,SUITE,2026-06-02,INCREASE,10082,10100,0.2,MEDIUM,"SUITE date-aware demand signal: Convention calendar: Citywide conference week, Weather: Severe thunderstorms forecast (48h) — rate adjustment warranted.","","",Convention calendar: Citywide conference week - Compression nights expected. Mai,f,60,6,0,2026-05-31 01:48:15.108537
SUITE_2026-06-03,SUITE,2026-06-03,DISCOUNT,10136,10000,-1.3,MEDIUM,SUITE date-aware demand signal: Convention calendar: Citywide conference week — rate adjustment warranted.,"","",Convention calendar: Citywide conference week - Compression nights expected. Mai,f,50,5,0,2026-05-31 01:48:15.108542
SUITE_2026-06-04,SUITE,2026-06-04,DISCOUNT,10012,10000,-0.1,MEDIUM,SUITE date-aware demand signal: Convention calendar: Citywide conference week — rate adjustment warranted.,"","",Convention calendar: Citywide conference week - Compression nights expected. Mai,f,50,5,0,2026-05-31 01:48:15.108548
SUITE_2026-06-05,SUITE,2026-06-05,INCREASE,10118,10150,0.3,HIGH,SUITE occupancy at 70% — strong on-books demand supports rate increase.,"","",Convention calendar: Citywide conference week - Compression nights expected. Mai,f,70,7,0,2026-05-31 01:48:15.108554
SUITE_2026-06-06,SUITE,2026-06-06,INCREASE,10029,10200,1.7,HIGH,SUITE occupancy at 90% — strong on-books demand supports rate increase.,"","",Convention calendar: Citywide conference week - Compression nights expected. Mai,f,90,9,0,2026-05-31 01:48:15.10856
SUITE_2026-06-07,SUITE,2026-06-07,INCREASE,10092,10150,0.6,HIGH,SUITE occupancy at 70% — strong on-books demand supports rate increase.,"","",Convention calendar: Citywide conference week - Compression nights expected. Mai,f,70,7,0,2026-05-31 01:48:15.108566
SUITE_2026-06-08,SUITE,2026-06-08,DISCOUNT,9887,9500,-3.9,LOW,SUITE occupancy at 20% — rate support needed to drive advance bookings.,"","",Convention calendar: Citywide conference week - Compression nights expected. Mai,f,20,2,0,2026-05-31 01:48:15.108572
SUITE_2026-06-11,SUITE,2026-06-11,INCREASE,9942,10000,0.6,MEDIUM,SUITE occupancy at 70% — strong on-books demand supports rate increase.,"","",Convention calendar: Citywide conference week - Compression nights expected. Mai,f,70,7,0,2026-05-31 01:48:15.108578
SUITE_2026-06-14,SUITE,2026-06-14,INCREASE,9819,10000,1.8,HIGH,SUITE occupancy at 80% — strong on-books demand supports rate increase.,"","",Convention calendar: Citywide conference week - Compression nights expected. Mai,f,80,8,0,2026-05-31 01:48:15.108584
